Region and Local Authority,ONS Code,Underweight_number,Underweight_percent,"Lower
CI","Upper 
CI",Healthyweight_number,Healthyweight_percent,"Lower
CI","Upper 
CI",Overweight_number,Overweight_percent,"Lower
CI","Upper 
CI",Obese_number,Obese_percent,"Lower
CI","Upper 
CI",Severely obese_number,Severely obese_percent,"Lower
CI","Upper 
CI",overandobese_number,overandobese_percent,"Lower
CI","Upper 
CI",Total number of children
ENGLAND1,E92000001,8310,1.383964333,1.354724582,1.413826137,386216,64.32119964,64.19993917,64.44227685,84514,14.07513377,13.98740146,14.16332575,121409,20.21970226,20.11830426,20.32148129,26158.00,4.36,4.31,4.41,205923.00,34.29,34.17,34.42,600449.00
,,,,,,,,,,,,,,,,,,,,,,,,,,
NORTH EAST,E12000001,346,1.205364919,1.085494213,1.338293803,17602,61.32032747,60.75545344,61.88217201,4220,14.70127156,14.29634017,15.11564941,6537,22.77303606,22.29156116,23.2617973,1483.00,5.17,4.92,5.43,10757.00,37.47,36.92,38.04,28705.00
County Durham,E06000047,69,1.218220339,0.963787002,1.538778743,3460,61.08757062,59.81074659,62.34936515,868,15.32485876,14.41025462,16.28646602,1267,22.36935028,21.30303363,23.47312105,299.00,5.28,4.73,5.89,2135.00,37.69,36.44,38.96,5664.00
Darlington,E06000005,10,0.834724541,0.454031763,1.529712319,738,61.60267112,58.81570199,64.31546876,181,15.10851419,13.1922376,17.24783885,269,22.45409015,20.18136409,24.90290679,52.00,4.34,3.33,5.65,450.00,37.56,34.86,40.34,1198.00
Gateshead,E08000037,22,1.150627615,0.761080167,1.736071077,1167,61.03556485,58.82962023,63.1972546,261,13.65062762,12.18442997,15.26259371,462,24.16317992,22.29744747,26.13252332,96.00,5.02,4.13,6.09,723.00,37.81,35.67,40.01,1912.00
Hartlepool,E06000001,12,1.039861352,0.595833704,1.808766564,637,55.19930676,52.3176109,58.04650234,194,16.81109185,14.76435035,19.07806009,311,26.94974003,24.46936084,29.58307043,73.00,6.33,5.06,7.88,505.00,43.76,40.92,46.64,1154.00
Middlesbrough,E06000002,29,1.592531576,1.11109188,2.277775603,1069,58.70400879,56.42657472,60.94479738,273,14.99176277,13.42588242,16.70503423,450,24.71169687,22.7851935,26.74466864,111.00,6.10,5.09,7.29,723.00,39.70,37.48,41.97,1821.00
Newcastle upon Tyne,E08000021,30,1.030573686,0.722841339,1.467379286,1706,58.60529028,56.80585605,60.38204275,459,15.7677774,14.48910726,17.13667657,716,24.59635864,23.06607208,26.19360393,185.00,6.36,5.53,7.30,1175.00,40.36,38.60,42.16,2911.00
North Tyneside,E08000022,23,1.003928416,0.669901505,1.501989656,1461,63.77127892,61.78151497,65.71493789,312,13.6185072,12.27479912,15.08401717,495,21.60628546,19.96929835,23.33833212,116.00,5.06,4.24,6.04,807.00,35.22,33.30,37.20,2291.00
Northumberland,E06000057,64,2.020839912,1.585757592,2.572175264,2081,65.70887275,64.03752775,67.34215531,424,13.38806441,12.24634367,14.61849552,598,18.88222292,17.55718619,20.28265773,107.00,3.38,2.80,4.07,1022.00,32.27,30.66,33.92,3167.00
Redcar and Cleveland,E06000003,14,0.944032367,0.563168133,1.578382241,920,62.03641268,59.53838267,64.47224724,221,14.90222522,13.18054411,16.80526616,328,22.11732974,20.07852713,24.30020975,67.00,4.52,3.57,5.70,549.00,37.02,34.60,39.51,1483.00
South Tyneside,E08000023,16,0.996884735,0.614545405,1.613235252,977,60.87227414,58.46141922,63.23120923,206,12.83489097,11.28682141,14.56044008,406,25.29595016,23.22994875,27.47992415,97.00,6.04,4.98,7.32,612.00,38.13,35.79,40.53,1605.00
Stockton-on-Tees,E06000004,20,0.829187396,0.537415,1.277334004,1545,64.05472637,62.11882703,65.94592853,377,15.63018242,14.23573368,17.13393489,470,19.48590381,17.95421416,21.11463514,98.00,4.06,3.35,4.93,847.00,35.12,33.24,37.04,2412.00
Sunderland,E08000024,37,1.198574668,0.870822643,1.647632602,1841,59.63718821,57.89551603,61.35490519,444,14.38289602,13.18924728,15.66507834,765,24.78134111,23.29029045,26.33507789,182.00,5.90,5.12,6.78,1209.00,39.16,37.46,40.90,3087.00
,,,,,,,,,,,,,,,,,,,,,,,,,,
NORTH WEST ,E12000002,934,1.139788883,1.069365742,1.214792796,51572,62.93489536,62.60361065,63.26496738,11841,14.44993593,14.21087239,14.69233239,17598,21.47537983,21.19555605,21.75787787,3897.00,4.76,4.61,4.90,29439.00,35.93,35.60,36.25,81945.00
Blackburn with Darwen,E06000008,32,1.456531634,1.033613744,2.048909922,1357,61.76604461,59.71513639,63.77587874,310,14.1101502,12.71702363,15.62856466,498,22.66727355,20.96514892,24.46481401,111.00,5.05,4.21,6.05,808.00,36.78,34.79,38.82,2197.00
Blackpool,E06000009,7,0.468854655,0.227296963,0.964643488,910,60.95110516,58.45137064,63.39463036,217,14.53449431,12.83771131,16.41331298,359,24.04554588,21.94614915,26.27816042,93.00,6.23,5.11,7.57,576.00,38.58,36.14,41.08,1493.00
Bolton,E08000001,78,2.039215686,1.637071396,2.53759764,2405,62.87581699,61.3325157,64.39328179,541,14.14379085,13.07539749,15.28413294,801,20.94117647,19.68118774,22.25947437,167.00,4.37,3.76,5.06,1342.00,35.08,33.59,36.61,3825.00
Bury,E08000002,18,0.801781737,0.507768238,1.263875497,1455,64.81069042,62.811455,66.75932677,297,13.22939866,11.89048931,14.6939307,475,21.15812918,19.51862612,22.89616729,107.00,4.77,3.96,5.73,772.00,34.39,32.45,36.38,2245.00
Cheshire East,E06000049,31,0.813221406,0.573507945,1.151968848,2550,66.89401889,65.38377709,68.37024582,549,14.40188877,13.32312508,15.55232665,682,17.89087093,16.7066798,19.13971145,124.00,3.25,2.74,3.86,1231.00,32.29,30.83,33.79,3812.00
Cheshire West and Chester,E06000050,37,1.032366071,0.749919204,1.419671056,2295,64.03459821,62.44920456,65.58993852,557,15.54129464,14.39212688,16.76425145,695,19.39174107,18.13040967,20.71861626,134.00,3.74,3.17,4.41,1252.00,34.93,33.39,36.51,3584.00
Cumbria,E10000006,47,0.956450956,0.720053095,1.2694673,3220,65.52706553,64.18653829,66.84333554,704,14.32641433,13.37472487,15.33383498,943,19.19006919,18.1132676,20.31500372,186.00,3.79,3.29,4.36,1647.00,33.52,32.21,34.85,4914.00
Allerdale,E07000026,9,0.868725869,0.45770435,1.642756123,649,62.64478764,59.6574645,65.53868418,148,14.28571429,12.28668852,16.54861673,230,22.2007722,19.77536671,24.8315736,47.00,4.54,3.43,5.98,378.00,36.49,33.61,39.46,1036.00
Barrow-in-Furness,E07000027,x,x,x,x,x,x,x,x,101,14.63768116,12.19599766,17.47093218,126,18.26086957,15.55651997,21.31666706,24.00,3.48,2.35,5.12,227.00,32.90,29.50,36.49,690.00
Carlisle,E07000028,14,1.261261261,0.752775738,2.105930819,726,65.40540541,62.558278,68.14627131,156,14.05405405,12.13323181,16.22281979,214,19.27927928,17.06608452,21.70437562,49.00,4.41,3.36,5.79,370.00,33.33,30.62,36.16,1110.00
Copeland,E07000029,x,x,x,x,x,x,x,x,112,16.13832853,13.58888677,19.06057192,163,23.4870317,20.48437322,26.78158593,36.00,5.19,3.77,7.10,275.00,39.63,36.05,43.31,694.00
Eden,E07000030,x,x,x,x,x,x,x,x,71,14.46028513,11.62516648,17.84719406,82,16.700611,13.6627013,20.25552762,12.00,2.44,1.40,4.22,153.00,31.16,27.22,35.39,491.00
South Lakeland,E07000031,11,1.231802912,0.689190015,2.192195381,638,71.44456887,68.3951875,74.31024235,116,12.98992161,10.94246251,15.35443273,128,14.33370661,12.18802213,16.78493136,18.00,2.02,1.28,3.16,244.00,27.32,24.50,30.34,893.00
Halton,E06000006,12,0.754716981,0.432254805,1.314560015,937,58.93081761,56.49398732,61.32459798,243,15.28301887,13.59820583,17.13518086,398,25.03144654,22.9640652,27.21918574,93.00,5.85,4.80,7.11,641.00,40.31,37.93,42.75,1590.00
Knowsley,E08000011,16,0.940623163,0.579813993,1.522519842,959,56.37860082,54.01014863,58.71830767,268,15.75543798,14.10149216,17.56370791,458,26.92533804,24.87111758,29.08354512,113.00,6.64,5.55,7.93,726.00,42.68,40.35,45.05,1701.00
Liverpool,E08000012,41,0.814947327,0.601316965,1.103631632,3001,59.65016895,58.28765321,60.99795902,738,14.66905188,13.7183782,15.67363882,1251,24.86583184,23.69093404,26.07908314,314.00,6.24,5.61,6.94,1989.00,39.53,38.19,40.89,5031.00
Lancashire,E10000017,164,1.237735849,1.063110056,1.440627897,8514,64.25660377,63.43656673,65.06837662,1929,14.55849057,13.96823467,15.16929101,2643,19.94716981,19.27551552,20.63624497,519.00,3.92,3.60,4.26,4572.00,34.51,33.70,35.32,13250.00
Burnley,E07000117,12,1.016088061,0.582190073,1.767614503,761,64.43691787,61.66396517,67.11625665,172,14.56392887,12.66700751,16.69062985,236,19.9830652,17.80142719,22.35934329,52.00,4.40,3.37,5.73,408.00,34.55,31.89,37.31,1181.00
Chorley,E07000118,11,0.922045264,0.51562706,1.643510947,781,65.46521375,62.72133002,68.10982119,187,15.67476949,13.72227307,17.84761081,214,17.9379715,15.86480541,20.21695426,35.00,2.93,2.12,4.05,401.00,33.61,30.99,36.34,1193.00
Fylde,E07000119,12,1.754385965,1.006380528,3.041275871,460,67.25146199,63.64667192,70.66356003,102,14.9122807,12.4390277,17.77744968,110,16.08187135,13.51940503,19.02318977,11.00,1.61,0.90,2.86,212.00,30.99,27.64,34.56,684.00
Hyndburn,E07000120,12,1.171875,0.67161566,2.037115203,633,61.81640625,58.80178632,64.74270081,144,14.0625,12.06733458,16.32629133,235,22.94921875,20.47759511,25.62304179,52.00,5.08,3.89,6.60,379.00,37.01,34.11,40.01,1024.00
Lancaster,E07000121,15,1.057827927,0.6420976,1.738017187,921,64.9506347,62.42989805,67.39058562,188,13.25811001,11.59188708,15.12286768,294,20.73342736,18.7038282,22.9211684,60.00,4.23,3.30,5.41,482.00,33.99,31.57,36.50,1418.00
Pendle,E07000122,14,1.116427432,0.666185867,1.865250714,770,61.40350877,58.67812639,64.05923832,184,14.67304625,12.82254842,16.73932174,286,22.80701754,20.56980511,25.2103252,71.00,5.66,4.51,7.08,470.00,37.48,34.84,40.19,1254.00
Preston,E07000123,38,2.278177458,1.664252381,3.11140732,1044,62.58992806,60.24130503,64.88069429,237,14.20863309,12.61526525,15.96647952,349,20.92326139,19.03912994,22.94101448,77.00,4.62,3.71,5.73,586.00,35.13,32.88,37.45,1668.00
Ribble Valley,E07000124,x,x,x,x,x,x,x,x,89,15.23972603,12.55263442,18.38112435,80,13.69863014,11.14625758,16.72545109,15.00,2.57,1.56,4.19,169.00,28.94,25.41,32.74,584.00
Rossendale,E07000125,11,1.25284738,0.700987854,2.229409505,554,63.09794989,59.85555585,66.2262299,126,14.35079727,12.1869441,16.82523902,187,21.29840547,18.71833969,24.12852978,39.00,4.44,3.27,6.01,313.00,35.65,32.55,38.87,878.00
South Ribble,E07000126,14,1.178451178,0.703262495,1.968356165,772,64.98316498,62.22626055,67.64348407,170,14.30976431,12.43345314,16.41614395,232,19.52861953,17.37410617,21.87955927,26.00,2.19,1.50,3.19,402.00,33.84,31.20,36.58,1188.00
West Lancashire,E07000127,12,1.009251472,0.578266703,1.755778497,765,64.33978133,61.57496435,67.01223787,181,15.22287637,13.29314125,17.37660586,231,19.42809083,17.27914346,21.77394741,48.00,4.04,3.06,5.31,412.00,34.65,32.00,37.40,1189.00
Wyre,E07000128,x,x,x,x,x,x,x,x,149,15.06572295,12.97171261,17.43006566,189,19.11021234,16.78119803,21.67826148,33.00,3.34,2.39,4.65,338.00,34.18,31.29,37.19,989.00
Manchester,E08000003,102,1.584835301,1.307327772,1.920103527,3697,57.44251088,56.2304851,58.64565752,943,14.65195774,13.80910153,15.53698518,1694,26.32069608,25.25917506,27.4104672,413.00,6.42,5.84,7.04,2637.00,40.97,39.78,42.18,6436.00
Oldham,E08000004,43,1.394293126,1.036794677,1.872728368,1889,61.25162127,59.51923822,62.95600895,442,14.33203632,13.13971184,15.61310694,710,23.02204929,21.57040554,24.54081739,172.00,5.58,4.82,6.44,1152.00,37.35,35.66,39.08,3084.00
Rochdale,E08000005,47,1.584625759,1.193771164,2.100729912,1790,60.35064059,58.57789883,62.09660546,452,15.23937964,13.99096628,16.57771799,677,22.82535401,21.35061431,24.37039396,160.00,5.39,4.64,6.27,1129.00,38.06,36.33,39.83,2966.00
Salford,E08000006,30,1.084598698,0.760785359,1.544092367,1697,61.35213304,59.52290127,63.14987655,400,14.46131598,13.19987458,15.82133371,639,23.10195228,21.56916431,24.70934939,167.00,6.04,5.21,6.99,1039.00,37.56,35.78,39.38,2766.00
Sefton,E08000014,20,0.736105999,0.477025022,1.134294839,1738,63.96761134,62.14383912,65.75194281,381,14.02281929,12.76794055,15.37928781,578,21.27346338,19.77577053,22.85227217,148.00,5.45,4.66,6.37,959.00,35.30,33.52,37.11,2717.00
St. Helens,E08000013,16,0.790904597,0.48741778,1.280922742,1266,62.58032625,60.4496265,64.66333919,276,13.6431043,12.2161044,15.20791815,465,22.98566485,21.20445719,24.86927269,121.00,5.98,5.03,7.10,741.00,36.63,34.56,38.75,2023.00
Stockport,E08000007,27,0.838248991,0.576739931,1.21688185,2184,67.80502949,66.1711094,69.39653058,432,13.41198386,12.2785927,14.63254293,578,17.94473766,16.65798245,19.30786187,110.00,3.42,2.84,4.10,1010.00,31.36,29.78,32.98,3221.00
Tameside,E08000008,27,1.00148368,0.689194286,1.453207766,1703,63.16765579,61.32937003,64.96847045,390,14.46587537,13.18862447,15.84424545,576,21.36498516,19.85908927,22.95236749,117.00,4.34,3.63,5.18,966.00,35.83,34.04,37.66,2696.00
Trafford,E08000009,34,1.223461677,0.876842773,1.704743705,1867,67.18243973,65.4140038,68.90343807,386,13.88988845,12.65383617,15.22563416,492,17.70421015,16.32991233,19.16767075,101.00,3.63,3.00,4.40,878.00,31.59,29.89,33.35,2779.00
Warrington,E06000007,38,1.536595228,1.121549392,2.101969761,1609,65.06267691,63.16154121,66.91708968,356,14.39547109,13.06710496,15.83427895,470,19.00525677,17.50745315,20.59920302,113.00,4.57,3.81,5.47,826.00,33.40,31.57,35.28,2473.00
Wigan,E08000010,32,0.878396926,0.622907256,1.237372649,2256,61.92698326,60.33843486,63.49040469,499,13.69750206,12.61919523,14.85228852,856,23.49711776,22.14869667,24.90137332,181.00,4.97,4.31,5.72,1355.00,37.19,35.64,38.78,3643.00
Wirral,E08000015,35,1.000285796,0.720123209,1.387921351,2273,64.96141755,63.36499093,66.52502871,531,15.1757645,14.02518651,16.40272384,660,18.86253215,17.60069643,20.19266288,133.00,3.80,3.22,4.49,1191.00,34.04,32.49,35.63,3499.00
,,,,,,,,,,,,,,,,,,,,,,,,,,
YORKSHIRE AND THE HUMBER ,E12000003,817,1.339871425,1.251630184,1.434243409,38764,63.57255314,63.18974926,63.95364699,8595,14.09570979,13.82177367,14.37416952,12800,20.99186565,20.67045437,21.3169317,2866.00,4.70,4.54,4.87,21395.00,35.09,34.71,35.47,60976.00
Barnsley,E08000016,52,1.890909091,1.444903138,2.471134166,1739,63.23636364,61.41698086,65.0188184,373,13.56363636,12.33461722,14.894309,586,21.30909091,19.81918156,22.87904477,129.00,4.69,3.96,5.55,959.00,34.87,33.11,36.67,2750.00
Bradford,E08000032,151,2.083908363,1.779504906,2.439090225,4322,59.64670163,58.51225975,60.77092055,1006,13.88352194,13.10649537,14.69882245,1767,24.38586807,23.41089762,25.38798272,405.00,5.59,5.08,6.14,2773.00,38.27,37.16,39.39,7246.00
Calderdale,E08000033,34,1.347602061,0.965956286,1.877176533,1621,64.24891003,62.35843517,66.09606075,354,14.03091558,12.73032417,15.44087178,514,20.37257233,18.84655682,21.98867071,128.00,5.07,4.28,6.00,868.00,34.40,32.57,36.28,2523.00
Doncaster,E08000017,38,1.040240898,0.758829712,1.424515115,2315,63.37257049,61.79693474,64.92011086,549,15.0287435,13.9066743,16.22428629,751,20.55844511,19.27918069,21.89956539,170.00,4.65,4.02,5.39,1300.00,35.59,34.05,37.15,3653.00
East Riding of Yorkshire,E06000011,32,0.947306098,0.671829864,1.334220971,2274,67.31793961,65.71729227,68.8792438,463,13.70633511,12.58772658,14.90739613,609,18.02841918,16.76859422,19.36087766,133.00,3.94,3.33,4.65,1072.00,31.73,30.19,33.32,3378.00
"Kingston upon Hull, City of",E06000010,37,1.178343949,0.856103912,1.619894316,1972,62.80254777,61.09731323,64.47649546,451,14.36305732,13.17988171,15.63332247,680,21.65605096,20.25044154,23.1309273,151.00,4.81,4.11,5.61,1131.00,36.02,34.36,37.71,3140.00
Kirklees,E08000034,97,1.776231459,1.458292092,2.161967714,3422,62.66251602,61.371148,63.93608205,788,14.42959165,13.52262005,15.38657101,1154,21.13166087,20.06938909,22.2345181,270.00,4.94,4.40,5.55,1942.00,35.56,34.30,36.84,5461.00
Leeds,E08000035,99,1.151832461,0.947070207,1.400239716,5430,63.17626527,62.15090466,64.18985311,1259,14.64805119,13.91632627,15.41136248,1807,21.02385108,20.1754427,21.89814914,397.00,4.62,4.20,5.08,3066.00,35.67,34.67,36.69,8595.00
North East Lincolnshire,E06000012,22,1.173959445,0.776537603,1.771145994,1213,64.72785486,62.53638998,66.85906283,246,13.12700107,11.67320151,14.73166119,393,20.97118463,19.18831813,22.87281835,83.00,4.43,3.59,5.46,639.00,34.10,31.99,36.28,1874.00
North Lincolnshire,E06000013,20,1.057082452,0.685336571,1.627170027,1221,64.53488372,62.35173013,66.65913454,262,13.84778013,12.36452384,15.47754367,389,20.5602537,18.79972925,22.44008303,92.00,4.86,3.98,5.93,651.00,34.41,32.30,36.58,1892.00
North Yorkshire,E10000023,62,1.125635439,0.879113194,1.440283323,3758,68.22803195,66.98611707,69.44453891,748,13.58024691,12.70087441,14.51038466,940,17.06608569,16.09558268,18.08249507,172.00,3.12,2.70,3.62,1688.00,30.65,29.44,31.88,5508.00
Craven,E07000163,x,x,x,x,x,x,x,x,72,13.58490566,10.92869112,16.76519746,99,18.67924528,15.59080436,22.21844696,19.00,3.58,2.31,5.53,171.00,32.26,28.42,36.36,530.00
Hambleton,E07000164,12,1.438848921,0.824967323,2.498031143,565,67.74580336,64.49819185,70.83068773,111,13.30935252,11.17141263,15.78374177,146,17.5059952,15.07747971,20.23247729,17.00,2.04,1.28,3.24,257.00,30.82,27.78,34.03,834.00
Harrogate,E07000165,17,1.099611902,0.68767073,1.753963452,1107,71.60413972,69.30503198,73.7961508,193,12.48382924,10.92859886,14.22503583,229,14.81241915,13.12898412,16.67028703,40.00,2.59,1.91,3.50,422.00,27.30,25.13,29.57,1546.00
Richmondshire,E07000166,x,x,x,x,x,x,x,x,49,11.83574879,9.069482384,15.30374738,69,16.66666667,13.38664834,20.55959032,15.00,3.62,2.21,5.89,118.00,28.50,24.37,33.03,414.00
Ryedale,E07000167,x,x,x,x,x,x,x,x,61,14.48931116,11.44793607,18.17286863,72,17.10213777,13.80686809,20.99233894,15.00,3.56,2.17,5.79,133.00,31.59,27.33,36.18,421.00
Scarborough,E07000168,13,1.600985222,0.937976035,2.719776154,533,65.64039409,62.30713914,68.82636079,117,14.408867,12.16086671,16.99203503,149,18.34975369,15.83853669,21.15902644,32.00,3.94,2.81,5.51,266.00,32.76,29.62,36.06,812.00
Selby,E07000169,9,0.94637224,0.49867739,1.788766103,621,65.29968454,62.21821527,68.25804834,145,15.24710831,13.10254352,17.67130444,176,18.50683491,16.16702627,21.10004624,34.00,3.58,2.57,4.95,321.00,33.75,30.82,36.82,951.00
Rotherham,E08000018,41,1.29093199,0.953035971,1.746515561,1957,61.61838791,59.91400032,63.29470393,429,13.50755668,12.36280677,14.74047715,749,23.58312343,22.13918676,25.09088676,161.00,5.07,4.36,5.89,1178.00,37.09,35.43,38.79,3176.00
Sheffield,E08000019,79,1.280181494,1.028460577,1.592521029,3922,63.55533949,62.34647089,64.74734215,836,13.54723708,12.71602236,14.42380738,1334,21.61724194,20.60804263,22.6617559,320.00,5.19,4.66,5.77,2170.00,35.16,33.98,36.36,6171.00
Wakefield,E08000036,32,0.863930886,0.612638021,1.217037265,2285,61.69006479,60.11313543,63.2427715,547,14.76781857,13.66178611,15.94685468,840,22.67818575,21.35834146,24.05464282,199.00,5.37,4.69,6.15,1387.00,37.45,35.90,39.02,3704.00
York,E06000014,21,1.102362205,0.722139979,1.679393087,1313,68.92388451,66.80928901,70.96231306,284,14.90813648,13.37941046,16.57810414,287,15.0656168,13.52966464,16.74217675,56.00,2.94,2.27,3.80,571.00,29.97,27.96,32.07,1905.00
,,,,,,,,,,,,,,,,,,,,,,,,,,
EAST MIDLANDS,E12000004,756,1.450471019,1.351348798,1.556749177,33850,64.94503175,64.53431611,65.35354458,7260,13.92912646,13.63452707,14.22904249,10255,19.67537077,19.33631774,20.01889349,2246.00,4.31,4.14,4.49,17515.00,33.60,33.20,34.01,52121.00
Derby,E06000015,x,x,x,x,x,x,x,x,466,14.21164989,13.05836735,15.44868883,753,22.96431839,21.55682184,24.43508724,178.00,5.43,4.70,6.26,1219.00,37.18,35.54,38.84,3279.00
Derbyshire,E10000007,135,1.61987041,1.370278941,1.914041829,5528,66.33069354,65.30877346,67.33756568,1099,13.18694504,12.47745817,13.93035337,1572,18.862491,18.03699986,19.71667385,328.00,3.94,3.54,4.37,2671.00,32.05,31.06,33.06,8334.00
Amber Valley,E07000032,27,2.106084243,1.451411127,3.046924063,831,64.82059282,62.16585278,67.38677965,170,13.26053042,11.51332715,15.22725245,254,19.81279251,17.72249977,22.08345417,46.00,3.59,2.70,4.75,424.00,33.07,30.55,35.70,1282.00
Bolsover,E07000033,9,1.004464286,0.529338705,1.897917631,565,63.05803571,59.84827986,66.15630103,112,12.5,10.49331937,14.8268586,210,23.4375,20.7808121,26.32098062,51.00,5.69,4.36,7.41,322.00,35.94,32.86,39.13,896.00
Chesterfield,E07000034,16,1.353637902,0.834910931,2.187538533,744,62.94416244,60.15312551,65.65133576,173,14.63620981,12.73570432,16.76583286,249,21.06598985,18.83692058,23.48251893,72.00,6.09,4.86,7.60,422.00,35.70,33.02,38.48,1182.00
Derbyshire Dales,E07000035,6,0.842696629,0.386771298,1.826212963,514,72.19101124,68.78750044,75.35635238,101,14.18539326,11.81448816,16.94068608,91,12.78089888,10.52665866,15.43460085,9.00,1.26,0.67,2.38,192.00,26.97,23.84,30.34,712.00
Erewash,E07000036,10,0.873362445,0.475077751,1.600183255,760,66.37554585,63.588436,69.05314366,147,12.83842795,11.02434422,14.901031,228,19.91266376,17.70186187,22.32467576,49.00,4.28,3.25,5.61,375.00,32.75,30.09,35.52,1145.00
High Peak,E07000037,25,2.566735113,1.744520731,3.761633496,685,70.32854209,67.38438463,73.11297785,114,11.70431211,9.834234111,13.87528002,150,15.40041068,13.26988325,17.80278769,25.00,2.57,1.74,3.76,264.00,27.10,24.41,29.98,974.00
North East Derbyshire,E07000038,19,1.905717151,1.22336859,2.957259466,654,65.59679037,62.59320939,68.48064325,132,13.23971916,11.27633941,15.48528767,192,19.25777332,16.9299471,21.82159096,42.00,4.21,3.13,5.65,324.00,32.50,29.66,35.47,997.00
South Derbyshire,E07000039,23,2.006980803,1.341028558,2.993608921,775,67.62652705,64.86252745,70.27275115,150,13.08900524,11.25893894,15.16570043,198,17.27748691,15.19892531,19.57469116,34.00,2.97,2.13,4.12,348.00,30.37,27.77,33.09,1146.00
Leicester,E06000016,138,2.900988018,2.460733754,3.417249398,2825,59.38616775,57.98353617,60.77365219,698,14.67311331,13.69611156,15.70712463,1096,23.03973092,21.86515744,24.25781216,272.00,5.72,5.09,6.41,1794.00,37.71,36.35,39.10,4757.00
Leicestershire,E10000018,102,1.422792579,1.173506387,1.724110408,4918,68.60092063,67.51685912,69.66505847,962,13.41888687,12.64942505,14.22753117,1187,16.55739992,15.71493769,17.43568292,215.00,3.00,2.63,3.42,2149.00,29.98,28.93,31.05,7169.00
Blaby,E07000129,18,1.584507042,1.004595184,2.490755727,798,70.24647887,67.52332864,72.83316098,166,14.61267606,12.67784158,16.78603308,154,13.55633803,11.68806665,15.67025204,22.00,1.94,1.28,2.91,320.00,28.17,25.63,30.85,1136.00
Charnwood,E07000130,15,0.888625592,0.539255932,1.461017713,1135,67.23933649,64.96341553,69.43697092,215,12.73696682,11.23071714,14.4124338,323,19.13507109,17.3294378,21.08086686,60.00,3.55,2.77,4.55,538.00,31.87,29.69,34.13,1688.00
Harborough,E07000131,19,2.043010753,1.311759757,3.168814374,664,71.39784946,68.41012345,74.20953069,108,11.61290323,9.709922009,13.83170347,139,14.94623656,12.79911315,17.38175494,20.00,2.15,1.40,3.30,247.00,26.56,23.82,29.49,930.00
Hinckley and Bosworth,E07000132,21,1.776649746,1.164938606,2.700793907,827,69.96615905,67.29161737,72.5113425,158,13.36717428,11.54536275,15.42632528,176,14.89001692,12.97440895,17.03309805,38.00,3.21,2.35,4.38,334.00,28.26,25.76,30.89,1182.00
Melton,E07000133,x,x,x,x,x,x,x,x,67,12.90944123,10.29496196,16.06894941,98,18.88246628,15.74864346,22.47354712,19.00,3.66,2.36,5.65,165.00,31.79,27.93,35.92,519.00
North West Leicestershire,E07000134,13,1.193755739,0.698950508,2.031679684,721,66.20752984,63.34562377,68.95549339,168,15.42699725,13.40354024,17.69351012,187,17.17171717,15.04816791,19.52605654,36.00,3.31,2.40,4.54,355.00,32.60,29.88,35.44,1089.00
Oadby and Wigston,E07000135,x,x,x,x,x,x,x,x,80,12.8,10.40617357,15.64832022,110,17.6,14.8149091,20.78094032,20.00,3.20,2.08,4.89,190.00,30.40,26.92,34.12,625.00
Lincolnshire,E10000019,88,1.118454499,0.908772518,1.375844871,4988,63.39603457,62.32532187,64.45367274,1154,14.66700559,13.90253962,15.46595656,1638,20.81850534,19.93572766,21.72976415,373.00,4.74,4.29,5.23,2792.00,35.49,34.44,36.55,7868.00
Boston,E07000136,12,1.472392638,0.84424419,2.555859521,466,57.17791411,53.75488029,60.53359995,116,14.23312883,12.00196267,16.79988368,221,27.11656442,24.17707804,30.27075847,50.00,6.13,4.68,8.00,337.00,41.35,38.02,44.76,815.00
East Lindsey,E07000137,19,1.356174161,0.869912917,2.108462939,892,63.66880799,61.11615586,66.14670698,211,15.06067095,13.28347309,17.02894801,279,19.9143469,17.90668526,22.08654353,71.00,5.07,4.04,6.34,490.00,34.98,32.52,37.51,1401.00
Lincoln,E07000138,9,0.935550936,0.492966492,1.768425232,591,61.43451143,58.31896154,64.45910395,143,14.86486486,12.75673991,17.25247704,219,22.76507277,20.22671981,25.52006966,48.00,4.99,3.78,6.55,362.00,37.63,34.62,40.73,962.00
North Kesteven,E07000139,10,0.821018062,0.446566505,1.504706195,815,66.91297209,64.22095886,69.49863683,165,13.54679803,11.73909946,15.5837137,228,18.71921182,16.62819923,21.00691746,40.00,3.28,2.42,4.44,393.00,32.27,29.70,34.94,1218.00
South Holland,E07000140,7,0.751072961,0.364287708,1.542173975,558,59.87124464,56.69007102,62.97137892,150,16.0944206,13.87508795,18.59210572,217,23.2832618,20.68292582,26.10293247,53.00,5.69,4.37,7.36,367.00,39.38,36.29,42.55,932.00
South Kesteven,E07000141,16,1.01845958,0.627865527,1.648011745,1036,65.9452578,63.56553123,68.24719489,227,14.44939529,12.7974837,16.27474171,292,18.58688733,16.74075124,20.58627337,68.00,4.33,3.43,5.45,519.00,33.04,30.75,35.40,1571.00
West Lindsey,E07000142,15,1.547987616,0.940313209,2.538306921,630,65.01547988,61.95869385,67.95368266,142,14.65428277,12.5671866,17.02051818,182,18.78224974,16.44813294,21.36290559,43.00,4.44,3.31,5.92,324.00,33.44,30.54,36.47,969.00
Northamptonshire,E10000021,87,1.066568591,0.865547918,1.313657005,5412,66.34792203,65.31501764,67.36543588,1147,14.06154223,13.32406188,14.83285638,1511,18.52396714,17.69577947,19.38178752,309.00,3.79,3.40,4.22,2658.00,32.59,31.58,33.61,8157.00
Corby,E07000150,11,1.234567901,0.690740063,2.197085324,544,61.05499439,57.81225271,64.20282024,128,14.36588103,12.21569164,16.82201736,208,23.34455668,20.68496834,26.23300296,42.00,4.71,3.51,6.31,336.00,37.71,34.59,40.94,891.00
Daventry,E07000151,8,0.951248514,0.482784773,1.865757503,574,68.25208086,65.0291027,71.30907611,115,13.67419738,11.51672527,16.16201331,144,17.12247325,14.72740472,19.81652726,26.00,3.09,2.12,4.49,259.00,30.80,27.77,34.00,841.00
East Northamptonshire,E07000152,13,1.403887689,0.822250868,2.387055249,630,68.03455724,64.96169698,70.95840497,124,13.39092873,11.34802916,15.73631478,159,17.17062635,14.87848386,19.73402516,35.00,3.78,2.73,5.21,283.00,30.56,27.68,33.60,926.00
Kettering,E07000153,11,0.990990991,0.554243778,1.765786475,724,65.22522523,62.37532676,67.97010501,181,16.30630631,14.24989598,18.59512482,194,17.47747748,15.35653017,19.82275461,49.00,4.41,3.36,5.79,375.00,33.78,31.06,36.62,1110.00
Northampton,E07000154,28,1.074856046,0.744704672,1.54908971,1714,65.79654511,63.9527618,67.59380831,364,13.9731286,12.69470205,15.35765263,499,19.15547025,17.69013909,20.71163713,104.00,3.99,3.31,4.81,863.00,33.13,31.35,34.96,2605.00
South Northamptonshire,E07000155,6,0.640341515,0.293794974,1.389959359,680,72.57203842,69.62755757,75.33219586,116,12.37993597,10.42343141,14.64364621,135,14.4076841,12.30440235,16.80161294,17.00,1.81,1.14,2.89,251.00,26.79,24.05,29.71,937.00
Wellingborough,E07000156,10,1.180637544,0.642543762,2.1595598,546,64.46280992,61.18082024,67.61420349,119,14.04958678,11.87130394,16.55249421,172,20.30696576,17.73463939,23.14741392,36.00,4.25,3.09,5.83,291.00,34.36,31.24,37.62,847.00
Nottingham,E06000018,56,1.588201929,1.225109152,2.056665969,2104,59.67101531,58.04214955,61.27883152,549,15.57005105,14.41084399,16.80419702,817,23.17073171,21.80773712,24.59212185,201.00,5.70,4.98,6.52,1366.00,38.74,37.15,40.36,3526.00
Nottinghamshire,E10000024,108,1.241950322,1.029767504,1.497191865,5822,66.95032199,65.95436446,67.93131051,1131,13.00597976,12.31530621,13.72932311,1635,18.80174793,17.99436706,19.63668029,362.00,4.16,3.76,4.60,2766.00,31.81,30.84,32.79,8696.00
Ashfield,E07000170,15,1.094890511,0.664631315,1.798641183,850,62.04379562,59.44381753,64.57642133,189,13.79562044,12.07050629,15.72319992,316,23.06569343,20.91220542,25.36980585,81.00,5.91,4.78,7.29,505.00,36.86,34.35,39.45,1370.00
Bassetlaw,E07000171,12,0.987654321,0.565873122,1.718382851,796,65.51440329,62.79659166,68.13442051,152,12.51028807,10.76737133,14.48951968,255,20.98765432,18.79111975,23.36706704,60.00,4.94,3.86,6.30,407.00,33.50,30.90,36.20,1215.00
Broxtowe,E07000172,12,1.067615658,0.611763352,1.856798041,765,68.06049822,65.27724362,70.72072372,154,13.70106762,11.81409843,15.83530711,193,17.17081851,15.07884163,19.48642956,49.00,4.36,3.31,5.72,347.00,30.87,28.24,33.63,1124.00
Gedling,E07000173,11,0.866824271,0.484703732,1.545514458,861,67.84869976,65.22841841,70.36124571,168,13.23877069,11.48455157,15.21488192,229,18.04570528,16.02726397,20.25702389,44.00,3.47,2.59,4.62,397.00,31.28,28.79,33.89,1269.00
Mansfield,E07000174,22,1.833333333,1.213783484,2.760282908,745,62.08333333,59.3037756,64.78577522,158,13.16666667,11.3705396,15.19786411,275,22.91666667,20.62730566,25.37887354,70.00,5.83,4.64,7.31,433.00,36.08,33.41,38.84,1200.00
Newark and Sherwood,E07000175,19,1.479750779,0.949346873,2.299613512,863,67.21183801,64.59609977,69.72489503,175,13.62928349,11.86077662,15.61476833,227,17.67912773,15.68976512,19.86130801,38.00,2.96,2.16,4.04,402.00,31.31,28.83,33.90,1284.00
Rushcliffe,E07000176,17,1.377633712,0.861887428,2.195164713,942,76.33711507,73.8863225,78.62444092,135,10.94003241,9.318163231,12.80433532,140,11.3452188,9.694368511,13.23598794,20.00,1.62,1.05,2.49,275.00,22.29,20.05,24.69,1234.00
Rutland,E06000017,x,x,x,x,x,x,x,x,54,16.11940299,12.5695023,20.43751497,46,13.73134328,10.45487424,17.83017068,8.00,2.39,1.21,4.64,100.00,29.85,25.20,34.96,335.00
,,,,,,,,,,,,,,,,,,,,,,,,,,
WEST MIDLANDS,E12000005,981,1.449489502,1.362160784,1.54232936,41327,61.06325448,60.69527725,61.42997588,9844,14.54513217,14.28153198,14.81275697,15527,22.94212385,22.62689308,23.26042606,3593.00,5.31,5.14,5.48,25371.00,37.49,37.12,37.85,67679.00
Birmingham,E08000025,251,1.621656545,1.434338621,1.83298239,8979,58.01137098,57.23195436,58.78681192,2268,14.65305595,14.10470654,15.2189464,3980,25.71391653,25.03146265,26.40842245,1007.00,6.51,6.13,6.91,6248.00,40.37,39.60,41.14,15478.00
Coventry,E08000026,78,1.823281907,1.463438433,2.269568974,2563,59.91117345,58.43434822,61.37021503,670,15.66152408,14.6033092,16.78135256,967,22.60402057,21.37554888,23.88164892,221.00,5.17,4.54,5.87,1637.00,38.27,36.82,39.73,4278.00
Dudley,E08000027,42,1.148796499,0.851038355,1.549105472,2175,59.49124726,57.89081148,61.07175856,553,15.12582057,14.00103013,16.32382059,886,24.23413567,22.87266729,25.64969301,219.00,5.99,5.27,6.81,1439.00,39.36,37.79,40.95,3656.00
"Herefordshire, County of",E06000019,20,1.160092807,0.752229216,1.785125042,1106,64.15313225,61.86029025,66.38304177,236,13.68909513,12.1470636,15.39258458,362,20.99767981,19.14063331,22.98368632,75.00,4.35,3.48,5.42,598.00,34.69,32.48,36.97,1724.00
Sandwell,E08000028,90,1.899535669,1.548015351,2.328990247,2599,54.85436893,53.43402389,56.26684873,706,14.90080203,13.9152949,15.94317825,1343,28.34529337,27.07997993,29.64569262,353.00,7.45,6.74,8.23,2049.00,43.25,41.84,44.66,4738.00
Shropshire,E06000051,33,1.212789416,0.864873766,1.698264672,1863,68.46747519,66.69663306,70.18624674,374,13.74494671,12.50221925,15.08989831,451,16.57478868,15.22490826,18.01891427,65.00,2.39,1.88,3.03,825.00,30.32,28.62,32.07,2721.00
Solihull,E08000029,33,1.442307692,1.028834638,2.018560222,1520,66.43356643,64.4725121,68.33953069,316,13.81118881,12.45801763,15.28567539,419,18.31293706,16.78168284,19.95041552,77.00,3.37,2.70,4.19,735.00,32.12,30.24,34.07,2288.00
Staffordshire,E10000028,100,1.157675388,0.952811222,1.405962192,5547,64.21625376,63.1992424,65.22062635,1280,14.81824496,14.08466064,15.58310717,1711,19.80782589,18.98084941,20.66164432,355.00,4.11,3.71,4.55,2991.00,34.63,33.63,35.64,8638.00
Cannock Chase,E07000192,9,0.899100899,0.473731635,1.699890744,622,62.13786214,59.09207607,65.09084332,156,15.58441558,13.4695075,17.9624618,214,21.37862138,18.95078688,24.02529208,52.00,5.19,3.98,6.75,370.00,36.96,34.03,40.00,1001.00
East Staffordshire,E07000193,23,1.702442635,1.137074209,2.541692667,863,63.87860844,61.28117127,66.397344,196,14.50777202,12.73042088,16.48638942,269,19.91117691,17.86841147,22.12456743,55.00,4.07,3.14,5.26,465.00,34.42,31.93,36.99,1351.00
Lichfield,E07000194,11,1.154249738,0.645719415,2.054984927,633,66.42182581,63.36282282,69.34897045,128,13.43126967,11.41253674,15.74362967,181,18.99265477,16.62870045,21.60558125,34.00,3.57,2.56,4.94,309.00,32.42,29.53,35.46,953.00
Newcastle-under-Lyme,E07000195,15,1.28314799,0.779128879,2.106295964,732,62.6176219,59.80706789,65.34552182,159,13.60136869,11.75508447,15.68608897,263,22.49786142,20.19647442,24.97940633,57.00,4.88,3.78,6.27,422.00,36.10,33.40,38.89,1169.00
South Staffordshire,E07000196,x,x,x,x,x,x,x,x,150,16.11170784,13.89017153,18.6117523,160,17.1858217,14.89856993,19.74275409,28.00,3.01,2.09,4.31,310.00,33.30,30.34,36.39,931.00
Stafford,E07000197,17,1.228323699,0.768307781,1.95833355,908,65.60693642,63.06423621,68.06323856,203,14.66763006,12.90156607,16.62928965,256,18.49710983,16.53969111,20.62892463,51.00,3.68,2.81,4.81,459.00,33.16,30.73,35.69,1384.00
Staffordshire Moorlands,E07000198,x,x,x,x,x,x,x,x,155,16.36747624,14.14778255,18.85892492,176,18.58500528,16.23621805,21.18762959,41.00,4.33,3.21,5.82,331.00,34.95,31.98,38.04,947.00
Tamworth,E07000199,12,1.33037694,0.762644715,2.310901825,565,62.63858093,59.43420809,65.73575932,133,14.74501109,12.58078725,17.20825102,192,21.28603104,18.73941869,24.07618166,37.00,4.10,2.99,5.60,325.00,36.03,32.96,39.22,902.00
Stoke-on-Trent,E06000021,45,1.414204903,1.058610368,1.886968062,1867,58.67379007,56.95339868,60.3732639,478,15.02199874,13.82279723,16.30555257,792,24.89000629,23.41857509,26.42199228,186.00,5.85,5.08,6.71,1270.00,39.91,38.22,41.62,3182.00
Telford and Wrekin,E06000020,24,1.110596946,0.747449851,1.647250168,1361,62.9801018,60.92292268,64.99121518,310,14.34521055,12.9305193,15.88643893,466,21.5640907,19.88137533,23.34772374,110.00,5.09,4.24,6.10,776.00,35.91,33.91,37.96,2161.00
Walsall,E08000030,69,1.888858472,1.49529468,2.383502375,2110,57.76074459,56.15165161,59.35353248,516,14.1253764,13.03360609,15.29251826,958,26.22502053,24.82414486,27.67584674,225.00,6.16,5.42,6.99,1474.00,40.35,38.77,41.95,3653.00
Warwickshire,E10000031,60,1.009761023,0.785324153,1.297500619,3958,66.61056883,65.40106979,67.79860453,803,13.51396836,12.66824924,14.4068329,1121,18.86570178,17.89116986,19.88046388,214.00,3.60,3.16,4.11,1924.00,32.38,31.20,33.58,5942.00
North Warwickshire,E07000218,6,0.930232558,0.427011512,2.014487656,393,60.93023256,57.11077792,64.62026255,96,14.88372093,12.34506894,17.83818402,150,23.25581395,20.15967027,26.66863496,23.00,3.57,2.39,5.29,246.00,38.14,34.47,41.95,645.00
Nuneaton and Bedworth,E07000219,13,0.851342502,0.498202457,1.451147598,953,62.40995416,59.95230276,64.80532304,211,13.81794368,12.1776813,15.63979492,350,22.92075966,20.88206237,25.09536101,77.00,5.04,4.05,6.26,561.00,36.74,34.36,39.19,1527.00
Rugby,E07000220,12,1.009251472,0.578266703,1.755778497,787,66.19007569,63.45285717,68.8230163,169,14.21362489,12.34391325,16.31383136,221,18.58704794,16.47835377,20.89806835,38.00,3.20,2.34,4.36,390.00,32.80,30.19,35.52,1189.00
Stratford-on-Avon,E07000221,12,0.97799511,0.56033043,1.701655354,854,69.600652,66.96903019,72.10992645,152,12.38793806,10.66111668,14.34953409,209,17.03341483,15.03363873,19.2389685,36.00,2.93,2.13,4.04,361.00,29.42,26.94,32.03,1227.00
Warwick,E07000222,17,1.255539143,0.785361947,2.001521498,971,71.71344165,69.2556271,74.04839755,175,12.92466765,11.2421238,14.81699058,191,14.10635155,12.35366768,16.06212831,40.00,2.95,2.18,4.00,366.00,27.03,24.73,29.46,1354.00
Wolverhampton,E08000031,49,1.47324113,1.116198366,1.942249314,1811,54.44978954,52.75311863,56.13619347,490,14.7324113,13.56858011,15.97761514,976,29.34455803,27.82162169,30.91515251,285.00,8.57,7.66,9.57,1466.00,44.08,42.40,45.77,3326.00
Worcestershire,E10000034,87,1.476077367,1.198293597,1.817071602,3868,65.6260604,64.40369549,66.82806978,844,14.3196471,13.44864495,15.23712883,1095,18.57821513,17.60587118,19.59149118,201.00,3.41,2.98,3.90,1939.00,32.90,31.71,34.11,5894.00
Bromsgrove,E07000234,6,0.606673407,0.278331702,1.317236118,709,71.68857432,68.80110582,74.40820985,123,12.43680485,10.52431402,14.63997144,151,15.26794742,13.16100864,17.64365369,24.00,2.43,1.64,3.59,274.00,27.70,25.01,30.58,989.00
Malvern Hills,E07000235,9,1.391035549,0.733522919,2.622357154,431,66.61514683,62.89272411,70.14143453,84,12.98299845,10.60999674,15.79297076,123,19.01081917,16.17361939,22.21383357,25.00,3.86,2.63,5.64,207.00,31.99,28.51,35.69,647.00
Redditch,E07000236,20,2.076843198,1.348399081,3.186104318,634,65.83592939,62.78292921,68.76309079,139,14.43406023,12.35565697,16.79508499,170,17.65316719,15.37496905,20.18840649,35.00,3.63,2.62,5.01,309.00,32.09,29.22,35.10,963.00
Worcester,E07000237,20,1.819836215,1.181110391,2.794207953,724,65.87807097,63.02401722,68.62151054,152,13.83075523,11.9153826,15.99810001,203,18.47133758,16.28820941,20.87410939,34.00,3.09,2.22,4.29,355.00,32.30,29.60,35.12,1099.00
Wychavon,E07000238,16,1.382886776,0.852988214,2.234553031,723,62.4891962,59.66245069,65.23328316,182,15.73033708,13.74624227,17.94124236,236,20.39757995,18.17546779,22.81561288,39.00,3.37,2.48,4.57,418.00,36.13,33.41,38.94,1157.00
Wyre Forest,E07000239,16,1.539942252,0.950083257,2.486820648,647,62.27141482,59.28402722,65.16839532,164,15.78440808,13.69402308,18.12686935,212,20.40423484,18.06489639,22.96161393,44.00,4.23,3.17,5.64,376.00,36.19,33.32,39.16,1039.00
,,,,,,,,,,,,,,,,,,,,,,,,,,
EAST OF ENGLAND,E12000006,937,1.398611837,1.312433757,1.490363154,44999,67.16769908,66.81112683,67.52230268,9010,13.44876483,13.19251167,13.70920941,12049,17.98492425,17.69593989,18.27757986,2330.00,3.48,3.34,3.62,21059.00,31.43,31.08,31.79,66995.00
Bedford,E06000055,34,1.668302257,1.196292195,2.322171911,1276,62.61040236,60.48791416,64.68544089,297,14.57311089,13.10789173,16.17163222,431,21.14818449,19.43038547,22.97454539,89.00,4.37,3.56,5.34,728.00,35.72,33.67,37.83,2038.00
Cambridgeshire,E10000003,99,1.563734007,1.286177524,1.900034162,4524,71.45790554,70.33270595,72.55708091,792,12.50987206,11.71761064,13.34760163,916,14.46848839,13.62349366,15.35657586,161.00,2.54,2.18,2.96,1708.00,26.98,25.90,28.09,6331.00
Cambridge,E07000008,17,1.74717369,1.09367137,2.78018743,704,72.35354573,69.45956723,75.07171224,123,12.64131552,10.69911743,14.87734194,129,13.25796506,11.27093432,15.53397414,24.00,2.47,1.66,3.64,252.00,25.90,23.25,28.74,973.00
East Cambridgeshire,E07000009,12,1.321585903,0.757594756,2.295727568,654,72.02643172,69.01870514,74.84856982,106,11.67400881,9.745010152,13.92593141,136,14.97797357,12.80459729,17.44643551,21.00,2.31,1.52,3.51,242.00,26.65,23.88,29.62,908.00
Fenland,E07000010,21,2.194357367,1.439659512,3.331310599,604,63.1138976,60.0102009,66.11273517,135,14.10658307,12.04444759,16.45572341,197,20.58516196,18.14353363,23.26199224,42.00,4.39,3.26,5.88,332.00,34.69,31.74,37.76,957.00
Huntingdonshire,E07000011,19,1.085714286,0.696160959,1.689542641,1249,71.37142857,69.20859127,73.44064571,224,12.8,11.31579225,14.44716691,258,14.74285714,13.15904542,16.48111711,45.00,2.57,1.93,3.42,482.00,27.54,25.50,29.68,1750.00
South Cambridgeshire,E07000012,30,1.721170396,1.20826155,2.446418072,1313,75.32989099,73.25184283,77.29653381,204,11.70395869,10.27832096,13.29802919,196,11.24497992,9.846271627,12.81413964,29.00,1.66,1.16,2.38,400.00,22.95,21.04,24.98,1743.00
Central Bedfordshire,E06000056,39,1.208927464,0.885624904,1.648290765,2264,70.17978921,68.57792571,71.73365047,441,13.67017979,12.52785613,14.89892225,482,14.94110353,13.75265059,16.2129521,92.00,2.85,2.33,3.48,923.00,28.61,27.08,30.20,3226.00
Essex,E10000012,197,1.242118537,1.0811714,1.426679298,10679,67.33291299,66.59888867,68.05854291,2137,13.4741488,12.9515861,14.01440111,2847,17.95081967,17.36132537,18.55583551,593.00,3.74,3.45,4.05,4984.00,31.42,30.71,32.15,15860.00
Basildon,E07000066,28,1.229688186,0.852146176,1.771510922,1478,64.90996926,62.92608581,66.84362911,311,13.65832235,12.30888203,15.13017808,460,20.2020202,18.60368296,21.90073067,111.00,4.87,4.06,5.84,771.00,33.86,31.95,35.83,2277.00
Braintree,E07000067,16,0.963275135,0.593796822,1.559048341,1130,68.03130644,65.74915742,70.23024451,228,13.72667068,12.15521345,15.46552223,287,17.27874774,15.53663619,19.17186147,45.00,2.71,2.03,3.61,515.00,31.01,28.83,33.27,1661.00
Brentwood,E07000068,10,1.275510204,0.694283456,2.331891234,575,73.34183673,70.13833628,76.31771092,90,11.47959184,9.43356374,13.90126546,109,13.90306122,11.65677119,16.50136346,22.00,2.81,1.86,4.21,199.00,25.38,22.46,28.54,784.00
Castle Point,E07000069,12,1.288936627,0.738840794,2.239360328,596,64.01718582,60.88241934,67.03675322,144,15.46723953,13.28688445,17.93139925,179,19.22663802,16.82374587,21.88243852,28.00,3.01,2.09,4.31,323.00,34.69,31.70,37.81,931.00
Chelmsford,E07000070,29,1.501812532,1.047678573,2.148524327,1327,68.72087002,66.61752524,70.74987748,250,12.94665976,11.52253727,14.5179146,325,16.83065769,15.22812794,18.5648971,68.00,3.52,2.79,4.44,575.00,29.78,27.78,31.86,1931.00
Colchester,E07000071,19,0.943864878,0.605085688,1.46951758,1351,67.11376056,65.03056872,69.13175955,288,14.30700447,12.84535084,15.90462632,355,17.63537009,16.03255635,19.36147304,64.00,3.18,2.50,4.04,643.00,31.94,29.94,34.01,2013.00
Epping Forest,E07000072,21,1.664025357,1.090921593,2.530500229,867,68.70047544,66.0885872,71.19886272,156,12.36133122,10.65878763,14.29231952,218,17.27416799,15.28865018,19.45831246,42.00,3.33,2.47,4.47,374.00,29.64,27.18,32.21,1262.00
Harlow,E07000073,19,1.532258065,0.983106544,2.380783486,762,61.4516129,58.71121368,64.1212782,171,13.79032258,11.98273574,15.82156813,288,23.22580645,20.96033345,25.65665739,87.00,7.02,5.72,8.57,459.00,37.02,34.37,39.74,1240.00
Maldon,E07000074,7,1.174496644,0.570066336,2.404296066,412,69.12751678,65.30606395,72.70397964,80,13.42281879,10.91896835,16.39515881,97,16.27516779,13.52919814,19.45309342,23.00,3.86,2.59,5.72,177.00,29.70,26.17,33.49,596.00
Rochford,E07000075,14,1.557285873,0.929875167,2.596929956,642,71.41268076,68.37291674,74.2702291,115,12.7919911,10.76590056,15.13471096,128,14.23804227,12.10576097,16.6746474,19.00,2.11,1.36,3.28,243.00,27.03,24.23,30.03,899.00
Tendring,E07000076,11,0.785153462,0.43897869,1.400478613,912,65.09635974,62.56216331,67.5479959,190,13.56174161,11.86822975,15.45453015,288,20.55674518,18.52252527,22.7519869,74.00,5.28,4.23,6.58,478.00,34.12,31.68,36.64,1401.00
Uttlesford,E07000077,11,1.271676301,0.711544298,2.262698996,627,72.48554913,69.41496441,75.35730055,114,13.17919075,11.08687355,15.59710388,113,13.06358382,10.98011504,15.4736708,10.00,1.16,0.63,2.11,227.00,26.24,23.42,29.28,865.00
Hertfordshire,E10000015,187,1.442901235,1.251507566,1.663071882,9046,69.79938272,69.00315219,70.58387929,1688,13.02469136,12.45616507,13.61513077,2039,15.73302469,15.11631514,16.37004229,329.00,2.54,2.28,2.82,3727.00,28.76,27.98,29.54,12960.00
Broxbourne,E07000095,12,1.198801199,0.687076411,2.083655089,633,63.23676324,60.20453104,66.16778846,155,15.48451548,13.37583384,17.85709909,201,20.07992008,17.71476456,22.67384155,43.00,4.30,3.20,5.74,356.00,35.56,32.66,38.58,1001.00
Dacorum,E07000096,24,1.501877347,1.011313638,2.225052766,1108,69.33667084,67.03179368,71.54880345,224,14.0175219,12.40150738,15.8061193,242,15.14392991,13.47003815,16.98500196,34.00,2.13,1.53,2.96,466.00,29.16,26.99,31.44,1598.00
East Hertfordshire,E07000242,19,1.235370611,0.792288421,1.921444472,1120,72.82184655,70.54366523,74.98630777,184,11.96358908,10.43567899,13.68103267,215,13.97919376,12.33571737,15.80216,23.00,1.50,1.00,2.23,399.00,25.94,23.81,28.19,1538.00
Hertsmere,E07000098,14,1.285583104,0.767320466,2.146318888,734,67.40128558,64.56034724,70.11988904,151,13.86593205,11.94006345,16.04583115,190,17.44719927,15.30863665,19.81461529,35.00,3.21,2.32,4.44,341.00,31.31,28.63,34.13,1089.00
North Hertfordshire,E07000099,17,1.276276276,0.798357482,2.034423203,998,74.92492492,72.5277757,77.1787217,149,11.18618619,9.60386741,12.99173754,168,12.61261261,10.93656566,14.50368824,26.00,1.95,1.34,2.84,317.00,23.80,21.59,26.16,1332.00
St. Albans,E07000240,28,1.516793066,1.051486896,2.183463782,1416,76.7063922,74.72387397,78.57799118,197,10.67172264,9.34402997,12.16275684,205,11.10509209,9.751793057,12.61993274,34.00,1.84,1.32,2.56,402.00,21.78,19.95,23.72,1846.00
Stevenage,E07000243,15,1.447876448,0.879369338,2.375113212,664,64.09266409,61.12432007,66.9568838,154,14.86486486,12.8285535,17.16077383,203,19.59459459,17.29176273,22.12207823,41.00,3.96,2.93,5.32,357.00,34.46,31.63,37.41,1036.00
Three Rivers,E07000102,20,1.926782274,1.250708045,2.957365885,743,71.57996146,68.76046804,74.24031641,124,11.9460501,10.11197026,14.06075359,151,14.54720617,12.53302114,16.82283298,16.00,1.54,0.95,2.49,275.00,26.49,23.90,29.26,1038.00
Watford,E07000103,22,1.806239737,1.19580154,2.719719452,778,63.87520525,61.13777481,66.52538865,182,14.94252874,13.05073046,17.05476778,236,19.37602627,17.25403685,21.69057871,35.00,2.87,2.07,3.97,418.00,34.32,31.71,37.03,1218.00
Welwyn Hatfield,E07000241,16,1.265822785,0.780646163,2.046320771,852,67.40506329,64.77168601,69.93296866,168,13.29113924,11.53040483,15.27432351,228,18.03797468,16.01611451,20.25351965,42.00,3.32,2.47,4.46,396.00,31.33,28.83,33.94,1264.00
Luton,E06000032,61,1.94701564,1.518772008,2.492953177,1831,58.44238749,56.70740703,60.1566904,430,13.72486435,12.5642686,14.97430707,811,25.88573252,24.38218803,27.44833896,173.00,5.52,4.78,6.38,1241.00,39.61,37.91,41.33,3133.00
Norfolk,E10000020,95,1.078442502,0.883072905,1.31646126,5830,66.18231354,65.18751645,67.16300311,1191,13.52026337,12.82208349,14.25024579,1693,19.21898059,18.40964818,20.05514748,347.00,3.94,3.55,4.37,2884.00,32.74,31.77,33.73,8809.00
Breckland,E07000143,17,1.179736294,0.737864551,1.881208884,972,67.45315753,64.99032723,69.82318099,190,13.18528799,11.5358909,15.03044664,262,18.18181818,16.27585978,20.25696918,56.00,3.89,3.00,5.01,452.00,31.37,29.02,33.81,1441.00
Broadland,E07000144,12,0.986031224,0.564941737,1.715572134,828,68.03615448,65.36290679,70.59589825,187,15.36565325,13.44883226,17.50043278,190,15.61216105,13.68143468,17.75929467,27.00,2.22,1.53,3.21,377.00,30.98,28.44,33.63,1217.00
Great Yarmouth,E07000145,8,0.741427247,0.376163072,1.456188161,661,61.26042632,58.31863399,64.12232429,156,14.45783133,12.48549799,16.68234152,254,23.54031511,21.10553998,26.16282555,60.00,5.56,4.34,7.09,410.00,38.00,35.15,40.93,1079.00
King's Lynn and West Norfolk,E07000146,15,0.967741935,0.587336581,1.590585667,974,62.83870968,60.40403645,65.20990233,225,14.51612903,12.85014952,16.35755737,336,21.67741935,19.69747879,23.79739998,78.00,5.03,4.05,6.24,561.00,36.19,33.84,38.62,1550.00
North Norfolk,E07000147,9,1.06888361,0.563346457,2.018870174,562,66.74584323,63.49391671,69.8456645,103,12.2327791,10.18948122,14.61912288,168,19.95249406,17.3922558,22.78565878,27.00,3.21,2.21,4.63,271.00,32.19,29.12,35.42,842.00
Norwich,E07000148,17,1.207386364,0.755188623,1.925102325,946,67.1875,64.69111781,69.59035176,160,11.36363636,9.809962964,13.12756,285,20.24147727,18.22501123,22.41988237,66.00,4.69,3.70,5.92,445.00,31.61,29.23,34.08,1408.00
South Norfolk,E07000149,17,1.336477987,0.836089115,2.129910975,887,69.7327044,67.15169548,72.19488607,170,13.36477987,11.60468592,15.3454854,198,15.56603774,13.67772917,17.66170224,33.00,2.59,1.85,3.62,368.00,28.93,26.51,31.48,1272.00
Peterborough,E06000031,64,2.31130372,1.814193419,2.940548631,1684,60.81617913,58.98415951,62.61822955,392,14.15673528,12.90790378,15.50488038,629,22.71578187,21.19358914,24.31357301,140.00,5.06,4.30,5.94,1021.00,36.87,35.09,38.69,2769.00
Southend-on-Sea,E06000033,20,1.01010101,0.654834261,1.555093283,1302,65.75757576,63.63874765,67.81537874,271,13.68686869,12.24308667,15.2712823,387,19.54545455,17.85844037,21.3504115,84.00,4.24,3.44,5.22,658.00,33.23,31.19,35.34,1980.00
Suffolk,E10000029,108,1.439808026,1.194007053,1.735321435,5113,68.16424477,67.1009726,69.20892168,1004,13.38488202,12.63305779,14.17419017,1276,17.01106519,16.1777163,17.87818578,209.00,2.79,2.44,3.18,2280.00,30.40,29.37,31.45,7501.00
Babergh,E07000200,9,1.030927835,0.543308263,1.947616248,605,69.30126002,66.16258915,72.27081254,116,13.28751432,11.19587606,15.70082875,143,16.38029782,14.07351961,18.98165313,27.00,3.09,2.13,4.46,259.00,29.67,26.73,32.78,873.00
Forest Heath,E07000201,9,1.688555347,0.890848535,3.177663399,352,66.0412758,61.91886834,69.93411119,70,13.13320826,10.52768332,16.26634618,102,19.1369606,16.022844,22.69276848,18.00,3.38,2.15,5.27,172.00,32.27,28.44,36.35,533.00
Ipswich,E07000202,18,1.088270859,0.68948456,1.713728281,1063,64.26844015,61.92838623,66.54236997,229,13.8452237,12.26437248,15.59362663,344,20.7980653,18.91086762,22.8205932,57.00,3.45,2.67,4.44,573.00,34.64,32.39,36.97,1654.00
Mid Suffolk,E07000203,13,1.287128713,0.753729602,2.189675263,718,71.08910891,68.21747263,73.80093136,136,13.46534653,11.49802431,15.70952934,143,14.15841584,12.14397892,16.44446124,20.00,1.98,1.29,3.04,279.00,27.62,24.95,30.46,1010.00
St. Edmundsbury,E07000204,15,1.348920863,0.81914699,2.213672642,769,69.15467626,66.37803718,71.7994294,155,13.93884892,12.0270186,16.09897155,173,15.55755396,13.54616523,17.80608971,30.00,2.70,1.90,3.83,328.00,29.50,26.89,32.24,1112.00
Suffolk Coastal,E07000205,17,1.450511945,0.907578491,2.310666498,804,68.60068259,65.88645805,71.19337075,164,13.99317406,12.12443322,16.09718257,187,15.9556314,13.97082483,18.16288299,27.00,2.30,1.59,3.33,351.00,29.95,27.40,32.63,1172.00
Waveney,E07000206,27,2.35396687,1.622759196,3.403255323,802,69.92153444,67.20464353,72.50543091,134,11.68265039,9.950337518,13.67076656,184,16.0418483,14.03186332,18.27853495,30.00,2.62,1.84,3.71,318.00,27.72,25.21,30.39,1147.00
Thurrock,E06000034,33,1.381909548,0.985679203,1.934307762,1450,60.72026801,58.74578478,62.66031629,367,15.36850921,13.97774072,16.87051873,538,22.52931323,20.89858534,24.24828068,113.00,4.73,3.95,5.66,905.00,37.90,35.97,39.86,2388.00
,,,,,,,,,,,,,,,,,,,,,,,,,,
LONDON ,E12000007,1617,1.725646717,1.644223294,1.811028058,56530,60.32826774,60.01461565,60.64107303,13775,14.7005464,14.47526355,14.92872339,21782,23.24553914,22.97618695,23.51708488,5031.00,5.37,5.23,5.52,35557.00,37.95,37.64,38.26,93704.00
Barking and Dagenham,E09000002,52,1.429749794,1.091994349,1.869998367,1951,53.64311246,52.0194643,55.2590729,559,15.36981028,14.23427408,16.57842325,1075,29.55732747,28.09657072,31.06122242,287.00,7.89,7.06,8.81,1634.00,44.93,43.32,46.55,3637.00
Barnet,E09000003,58,1.397253674,1.082467408,1.801913621,2670,64.32185016,62.85191152,65.76530557,621,14.96025054,13.90760938,16.0776854,802,19.32064563,18.14817391,20.54984802,173.00,4.17,3.60,4.82,1423.00,34.28,32.85,35.74,4151.00
Bexley,E09000004,32,1.024327785,0.726521742,1.442432782,1908,61.07554417,59.35316851,62.77071498,474,15.17285531,13.95763596,16.47362059,710,22.72727273,21.29175544,24.22978002,153.00,4.90,4.19,5.71,1184.00,37.90,36.21,39.62,3124.00
Brent,E09000005,80,2.079002079,1.673678829,2.579908982,2163,56.21101871,54.63803573,57.77161314,603,15.67047817,14.55619696,16.85323335,1002,26.03950104,24.67729658,27.44949733,228.00,5.93,5.22,6.72,1605.00,41.71,40.16,43.28,3848.00
Bromley,E09000006,52,1.471836966,1.124188115,1.924901308,2396,67.81771865,66.25860079,69.3381319,480,13.58618738,12.49581951,14.75565529,605,17.12425701,15.91791325,18.40201522,122.00,3.45,2.90,4.11,1085.00,30.71,29.21,32.25,3533.00
Camden,E09000007,21,1.461377871,0.957799424,2.223776074,893,62.14335421,59.60634214,64.61561496,210,14.61377871,12.88172501,16.53452036,313,21.78148921,19.72412535,23.98932105,60.00,4.18,3.26,5.34,523.00,36.40,33.95,38.92,1437.00
Croydon,E09000008,69,1.52250662,1.204863245,1.922262342,2712,59.84112974,58.40614595,61.2594444,646,14.25419241,13.26660353,15.3023284,1105,24.38217123,23.15408921,25.65364534,250.00,5.52,4.89,6.22,1751.00,38.64,37.23,40.06,4532.00
Ealing,E09000009,81,1.948051948,1.570180574,2.414629046,2468,59.35545936,57.85456566,60.83908252,599,14.40596441,13.37147519,15.50616157,1010,24.29052429,23.01117512,25.61733413,201.00,4.83,4.22,5.53,1609.00,38.70,37.23,40.19,4158.00
Enfield,E09000010,76,1.716738197,1.373845435,2.143352376,2466,55.70363677,54.23606586,57.16131779,681,15.3828778,14.35015234,16.47562808,1204,27.19674723,25.90616427,28.5268702,294.00,6.64,5.94,7.41,1885.00,42.58,41.13,44.04,4427.00
Greenwich,E09000011,27,0.798344175,0.549256186,1.159077164,1963,58.04257836,56.37119308,59.69571397,473,13.98580721,12.85768231,15.19565304,919,27.17327025,25.70053323,28.69780412,257.00,7.60,6.75,8.54,1392.00,41.16,39.51,42.83,3382.00
Hackney2,E09000012,33,1.30952381,0.933966761,1.833301309,1473,58.45238095,56.51686267,60.36216904,388,15.3968254,14.0404335,16.85855408,626,24.84126984,23.19337632,26.56574996,194.00,7.70,6.72,8.80,1014.00,40.24,38.34,42.17,2520.00
Hammersmith and Fulham,E09000013,22,1.785714286,1.182179746,2.688984996,769,62.41883117,59.67966747,65.08079009,186,15.0974026,13.2068651,17.20492082,255,20.69805195,18.52852069,23.0497461,56.00,4.55,3.52,5.86,441.00,35.80,33.17,38.51,1232.00
Haringey,E09000014,34,1.25879304,0.902202503,1.75382965,1629,60.31099593,58.45250784,62.14019633,394,14.58718993,13.30631017,15.96865736,644,23.8430211,22.27386156,25.48647776,154.00,5.70,4.89,6.64,1038.00,38.43,36.61,40.28,2701.00
Harrow,E09000015,92,3.213412504,2.627507092,3.924702422,1720,60.07684247,58.27056995,61.85610983,464,16.20677611,14.90233812,17.60177737,587,20.50296891,19.06411629,22.02087134,122.00,4.26,3.58,5.06,1051.00,36.71,34.96,38.49,2863.00
Havering,E09000016,33,1.114488349,0.794678334,1.560977433,1858,62.74907126,60.99219255,64.47291277,441,14.89361702,13.65676714,16.22143954,629,21.24282337,19.80730425,22.75286216,143.00,4.83,4.11,5.66,1070.00,36.14,34.43,37.88,2961.00
Hillingdon,E09000017,75,1.985702939,1.587130826,2.48184325,2241,59.33280381,57.7575391,60.88910366,574,15.19724649,14.08775735,16.37745711,887,23.48424676,22.1597254,24.86264986,195.00,5.16,4.50,5.92,1461.00,38.68,37.14,40.25,3777.00
Hounslow,E09000018,74,2.226233454,1.777095871,2.785665328,1956,58.84476534,57.162536,60.50657496,485,14.59085439,13.43164532,15.83181182,809,24.33814681,22.90949696,25.82604164,177.00,5.32,4.61,6.14,1294.00,38.93,37.29,40.60,3324.00
Islington,E09000019,23,1.348182884,0.900031956,2.014943497,1030,60.37514654,58.03334788,62.67032602,260,15.24032825,13.61305518,17.02378873,393,23.03634232,21.10018906,25.09365276,90.00,5.28,4.31,6.44,653.00,38.28,36.00,40.61,1706.00
Kensington and Chelsea,E09000020,6,0.906344411,0.416028946,1.963134834,422,63.74622356,60.01459607,67.31923807,78,11.78247734,9.544231844,14.46170181,156,23.56495468,20.49025329,26.94468105,36.00,5.44,3.95,7.44,234.00,35.35,31.80,39.06,662.00
Kingston upon Thames,E09000021,35,1.89701897,1.3671497,2.62678166,1304,70.67750678,68.55899771,72.71008982,254,13.76693767,12.26986069,15.41458225,252,13.65853659,12.16688058,15.30121067,47.00,2.55,1.92,3.37,506.00,27.43,25.44,29.51,1845.00
Lambeth,E09000022,31,1.109520401,0.782751677,1.570543168,1743,62.38367931,60.57161351,64.16173933,355,12.70579814,11.5218987,13.99210805,665,23.80100215,22.25855713,25.41539004,178.00,6.37,5.52,7.34,1020.00,36.51,34.74,38.31,2794.00
Lewisham,E09000023,59,1.808152007,1.404400784,2.325240227,1987,60.89488201,59.20865452,62.55548705,460,14.09745633,12.94560589,15.33374193,757,23.19950965,21.78322485,24.67882352,163.00,5.00,4.30,5.80,1217.00,37.30,35.65,38.97,3263.00
Merton,E09000024,41,1.846846847,1.364296096,2.495756899,1388,62.52252252,60.48890631,64.51287598,328,14.77477477,13.35954237,16.31170313,463,20.85585586,19.21687708,22.59552169,100.00,4.50,3.72,5.45,791.00,35.63,33.66,37.65,2220.00
Newham,E09000025,95,2.048738408,1.678935875,2.497924304,2564,55.29437136,53.85953681,56.72044107,692,14.92344188,13.92691127,15.97804176,1286,27.73344835,26.46373439,29.0400246,324.00,6.99,6.29,7.76,1978.00,42.66,41.24,44.09,4637.00
Redbridge,E09000026,109,2.873714738,2.387853308,3.454936316,2172,57.26337991,55.68248254,58.82957981,597,15.73952017,14.61530202,16.93306447,915,24.12338518,22.788465,25.51066676,213.00,5.62,4.93,6.39,1512.00,39.86,38.32,41.43,3793.00
Richmond upon Thames,E09000027,27,1.352705411,0.93131526,1.960986956,1518,76.05210421,74.13096986,77.87315254,238,11.9238477,10.57478071,13.41919425,213,10.67134269,9.391602247,12.10217452,39.00,1.95,1.43,2.66,451.00,22.60,20.81,24.48,1996.00
Southwark,E09000028,34,1.139792156,0.816796013,1.588469208,1764,59.13509889,57.36036125,60.88633874,415,13.91216896,12.71660485,15.20056017,770,25.81293999,24.27437126,27.41372401,205.00,6.87,6.02,7.84,1185.00,39.73,37.98,41.49,2983.00
Sutton,E09000029,41,1.648572577,1.21755551,2.228728015,1575,63.32931242,61.41613919,65.20137183,379,15.23924407,13.88042234,16.7052842,492,19.78287093,18.26435919,21.3945864,104.00,4.18,3.46,5.04,871.00,35.02,33.17,36.92,2487.00
Tower Hamlets,E09000030,78,2.532467532,2.033949763,3.149243373,1724,55.97402597,54.21450504,57.71866354,500,16.23376623,14.97364234,17.57801352,778,25.25974026,23.75671349,26.82440359,150.00,4.87,4.16,5.69,1278.00,41.49,39.77,43.24,3080.00
Waltham Forest,E09000031,65,2.05371248,1.614614933,2.609056732,1897,59.93680885,58.21856953,61.63095617,462,14.5971564,13.4099959,15.87015178,741,23.41232227,21.96985478,24.91925211,172.00,5.43,4.70,6.28,1203.00,38.01,36.33,39.71,3165.00
Wandsworth,E09000032,50,2.159827214,1.642124746,2.836036468,1504,64.96760259,63.0008869,66.88472677,320,13.82289417,12.47676933,15.28888305,441,19.04967603,17.50179995,20.70009848,85.00,3.67,2.98,4.52,761.00,32.87,30.99,34.81,2315.00
Westminster,E09000033,12,1.042571677,0.59738924,1.813457601,702,60.99044309,58.1404295,63.76733957,159,13.81407472,11.94074733,15.92813946,278,24.15291051,21.76884601,26.70893027,59.00,5.13,3.99,6.56,437.00,37.97,35.21,40.81,1151.00
,,,,,,,,,,,,,,,,,,,,,,,,,,
SOUTH EAST ,E12000008,1283,1.36237178,1.29029312,1.43841824,64323,68.3022915,68.0043738,68.59871613,12735,13.5228407,13.30592061,13.74273655,15833,16.81249602,16.57499939,17.05270005,2974.00,3.16,3.05,3.27,28568.00,30.34,30.04,30.63,94174.00
Bracknell Forest,E06000036,23,1.665459812,1.112317647,2.486755626,966,69.94931209,67.47861881,72.30932923,167,12.09268646,10.47741809,13.9182596,225,16.29254164,14.43877556,18.33331224,36.00,2.61,1.89,3.59,392.00,28.39,26.07,30.82,1381.00
Brighton and Hove,E06000043,34,1.422594142,1.019801814,1.98129329,1744,72.9707113,71.15440202,74.71329719,293,12.25941423,11.0047634,13.63519162,319,13.34728033,12.04248133,14.76971446,58.00,2.43,1.88,3.12,612.00,25.61,23.90,27.39,2390.00
Buckinghamshire,E10000002,99,1.706014131,1.403365792,2.072559291,4001,68.94709633,67.74438578,70.12473834,800,13.78597277,12.92288771,14.6969719,903,15.56091677,14.65109602,16.51630319,163.00,2.81,2.41,3.27,1703.00,29.35,28.19,30.53,5803.00
Aylesbury Vale,E07000004,35,1.600365798,1.152950451,2.217510635,1459,66.7123914,64.70959706,68.65657816,312,14.26611797,12.86299398,15.79455476,381,17.42112483,15.88898564,19.06751273,73.00,3.34,2.66,4.18,693.00,31.69,29.77,33.67,2187.00
Chiltern,E07000005,21,2.095808383,1.374816322,3.182706975,752,75.0499002,72.27831619,77.63014558,119,11.8762475,10.01729227,14.02640335,110,10.97804391,9.189391698,13.06475749,14.00,1.40,0.83,2.33,229.00,22.85,20.36,25.55,1002.00
South Bucks,E07000006,10,1.584786054,0.863060849,2.892437235,429,67.98732171,64.24781879,71.50914019,96,15.21394612,12.62269897,18.22617772,96,15.21394612,12.62269897,18.22617772,16.00,2.54,1.57,4.08,192.00,30.43,26.97,34.13,631.00
Wycombe,E07000007,33,1.664145234,1.187395366,2.32780503,1361,68.63338376,66.55686114,70.63785295,273,13.76701967,12.32041886,15.35372979,316,15.93545134,14.39059926,17.61202763,60.00,3.03,2.36,3.88,589.00,29.70,27.73,31.75,1983.00
East Sussex,E10000011,74,1.40524117,1.120897903,1.760430881,3708,70.41397645,69.16668991,71.63150139,618,11.73566274,10.89415609,12.63295509,866,16.44511964,15.4684658,17.47069323,176.00,3.34,2.89,3.86,1484.00,28.18,26.98,29.41,5266.00
Eastbourne,E07000061,12,1.232032854,0.706159496,2.141076993,661,67.86447639,64.86642012,70.72217115,133,13.6550308,11.64090059,15.95472408,168,17.24845996,15.00565695,19.7485924,32.00,3.29,2.34,4.60,301.00,30.90,28.08,33.88,974.00
Hastings,E07000062,20,1.98019802,1.285477447,3.038813934,661,65.44554455,62.45921774,68.31482462,134,13.26732673,11.31379867,15.49921597,195,19.30693069,16.99082848,21.85562581,51.00,5.05,3.86,6.58,329.00,32.57,29.75,35.53,1010.00
Lewes,E07000063,14,1.407035176,0.839966297,2.347872828,747,75.07537688,72.29456334,77.66331492,87,8.743718593,7.143436824,10.66133662,147,14.77386935,12.70461914,17.11407293,33.00,3.32,2.37,4.62,234.00,23.52,20.99,26.25,995.00
Rother,E07000064,6,0.742574257,0.340759908,1.610539653,573,70.91584158,67.69129544,73.94244922,95,11.75742574,9.715320987,14.16144174,134,16.58415842,14.1789053,19.30564466,26.00,3.22,2.21,4.67,229.00,28.34,25.34,31.55,808.00
Wealden,E07000065,22,1.487491548,0.984349523,2.24198722,1066,72.07572684,69.73439924,74.3026754,169,11.42663962,9.904246263,13.14888978,222,15.01014199,13.28060047,16.92097341,34.00,2.30,1.65,3.20,391.00,26.44,24.25,28.74,1479.00
Hampshire,E10000014,162,1.160541586,0.995824344,1.352132265,9556,68.4576259,67.68177089,69.22332479,1998,14.31334623,13.74219878,14.90412991,2243,16.06848628,15.4686183,16.68702475,377.00,2.70,2.44,2.98,4241.00,30.38,29.62,31.15,13959.00
Basingstoke and Deane,E07000084,26,1.378579003,0.942502915,2.012319489,1309,69.40615058,67.28877965,71.4446282,256,13.57370095,12.10175609,15.19373245,295,15.64156946,14.07220036,17.35061853,57.00,3.02,2.34,3.90,551.00,29.22,27.21,31.31,1886.00
East Hampshire,E07000085,17,1.497797357,0.937229322,2.385573736,796,70.13215859,67.40524827,72.72325218,162,14.27312775,12.35848515,16.42879303,160,14.0969163,12.1933197,16.24272434,23.00,2.03,1.35,3.02,322.00,28.37,25.82,31.06,1135.00
Eastleigh,E07000086,18,1.247401247,0.790483525,1.963201654,1016,70.40887041,68.00208777,72.70727927,210,14.55301455,12.82766134,16.4665959,199,13.79071379,12.10757755,15.66612609,33.00,2.29,1.63,3.19,409.00,28.34,26.08,30.72,1443.00
Fareham,E07000087,15,1.3239188,0.803934081,2.1728626,771,68.0494263,65.27724824,70.69962407,182,16.0635481,14.04065309,18.31578993,165,14.5631068,12.62891298,16.7367876,22.00,1.94,1.29,2.92,347.00,30.63,28.01,33.37,1133.00
Gosport,E07000088,16,1.652892562,1.019939533,2.668054892,620,64.04958678,60.97664395,67.01146023,136,14.04958678,12.00230162,16.38107885,196,20.24793388,17.83634528,22.89472821,35.00,3.62,2.61,4.99,332.00,34.30,31.37,37.34,968.00
Hart,E07000089,15,1.413760603,0.858605106,2.319469766,768,72.38454288,69.61720262,74.99037685,139,13.10084826,11.20301941,15.26490748,139,13.10084826,11.20301941,15.26490748,23.00,2.17,1.45,3.23,278.00,26.20,23.65,28.93,1061.00
Havant,E07000090,11,0.863422292,0.482798828,1.539475425,788,61.85243328,59.1532559,64.48034888,194,15.22762951,13.35945137,17.3048737,281,22.05651491,19.8656087,24.41542905,49.00,3.85,2.92,5.05,475.00,37.28,34.67,39.97,1274.00
New Forest,E07000091,12,0.732600733,0.419573481,1.276172395,1133,69.16971917,66.89069448,71.35904009,247,15.07936508,13.42820805,16.89393153,246,15.01831502,13.37017752,16.83014762,35.00,2.14,1.54,2.96,493.00,30.10,27.93,32.36,1638.00
Rushmoor,E07000092,13,1.317122594,0.771329467,2.240399459,639,64.74164134,61.70906329,67.6599137,135,13.67781155,11.67448619,15.9627767,200,20.26342452,17.87322915,22.88419528,38.00,3.85,2.82,5.24,335.00,33.94,31.05,36.95,987.00
Test Valley,E07000093,10,0.809716599,0.440411392,1.484084971,819,66.31578947,63.63285591,68.89753748,195,15.78947368,13.8622663,17.92884434,211,17.08502024,15.08873026,19.28543891,37.00,3.00,2.18,4.10,406.00,32.87,30.31,35.54,1235.00
Winchester,E07000094,9,0.750625521,0.395404312,1.420417604,897,74.81234362,72.27867038,77.18753281,142,11.84320267,10.13497706,13.79514746,151,12.59382819,10.8345208,14.59206028,25.00,2.09,1.42,3.06,293.00,24.44,22.09,26.95,1199.00
Isle of Wight,E06000046,19,1.602023609,1.027970254,2.488587226,778,65.59865093,62.84859739,68.24798252,182,15.34569983,13.40656928,17.50859644,207,17.45362563,15.39941694,19.71798931,32.00,2.70,1.92,3.78,389.00,32.80,30.19,35.52,1186.00
Kent,E10000016,202,1.22061756,1.064278861,1.399596962,11019,66.58408363,65.86164695,67.29882289,2280,13.77726751,13.26055218,14.31079543,3048,18.4180313,17.8348007,19.01592051,647.00,3.91,3.62,4.22,5328.00,32.20,31.49,32.91,16549.00
Ashford,E07000105,18,1.19760479,0.758873086,1.885164785,1020,67.86427146,65.46036995,70.17708858,208,13.83898869,12.18524039,15.67711078,257,17.09913506,15.28016651,19.08585493,55.00,3.66,2.82,4.73,465.00,30.94,28.65,33.32,1503.00
Canterbury,E07000106,23,1.686217009,1.126212356,2.517591427,929,68.1085044,65.58728759,70.52800902,170,12.46334311,10.81516911,14.32235371,242,17.74193548,15.80599326,19.85906541,40.00,2.93,2.16,3.97,412.00,30.21,27.83,32.69,1364.00
Dartford,E07000107,11,0.81300813,0.454572348,1.449958108,838,61.93643755,59.31890511,64.48638164,188,13.89504804,12.15396583,15.8405693,316,23.35550628,21.17845431,25.68342883,64.00,4.73,3.72,6.00,504.00,37.25,34.71,39.86,1353.00
Dover,E07000108,15,1.38760407,0.842686665,2.27679762,708,65.49491212,62.61065957,68.2694287,152,14.06105458,12.11584085,16.26079025,206,19.05642923,16.82633639,21.50566645,55.00,5.09,3.93,6.56,358.00,33.12,30.38,35.98,1081.00
Gravesham,E07000109,20,1.564945227,1.015318534,2.40487501,785,61.42410016,58.72488253,64.05484565,212,16.58841941,14.64976518,18.72733117,261,20.42253521,18.30250382,22.71984377,62.00,4.85,3.80,6.17,473.00,37.01,34.41,39.69,1278.00
Maidstone,E07000110,16,0.879120879,0.541853985,1.423309085,1231,67.63736264,65.45270585,69.74772218,266,14.61538462,13.06695306,16.31287358,307,16.86813187,15.21791137,18.6579201,60.00,3.30,2.57,4.22,573.00,31.48,29.39,33.65,1820.00
Sevenoaks,E07000111,12,0.950118765,0.544335245,1.653371392,890,70.46714173,67.89223497,72.91792295,173,13.69754553,11.9111264,15.70412541,188,14.88519398,13.02873469,16.95461138,49.00,3.88,2.95,5.09,361.00,28.58,26.16,31.14,1263.00
Shepway,E07000112,14,1.278538813,0.763107792,2.134622228,709,64.74885845,61.87205627,67.52253904,142,12.96803653,11.10692693,15.08806749,230,21.00456621,18.6953453,23.5165184,45.00,4.11,3.09,5.45,372.00,33.97,31.23,36.83,1095.00
Swale,E07000113,19,1.152912621,0.73931884,1.793700209,1047,63.5315534,61.17864643,65.82152345,224,13.59223301,12.02206575,15.33173727,358,21.72330097,19.79939317,23.77872717,77.00,4.67,3.75,5.80,582.00,35.32,33.04,37.65,1648.00
Thanet,E07000114,19,1.23939987,0.794877064,1.927684758,995,64.90541422,62.4817362,67.25457768,207,13.50293542,11.88309788,15.30522766,312,20.35225049,18.41207366,22.44064118,70.00,4.57,3.63,5.73,519.00,33.86,31.53,36.26,1533.00
Tonbridge and Malling,E07000115,24,1.713062099,1.153842706,2.536357244,988,70.52105639,68.08004345,72.84984201,182,12.99072091,11.33094977,14.85289158,207,14.7751606,13.01338582,16.72957601,37.00,2.64,1.92,3.62,389.00,27.77,25.48,30.17,1401.00
Tunbridge Wells,E07000116,11,0.909090909,0.508372232,1.620526779,879,72.6446281,70.06415637,75.08177237,156,12.89256198,11.12111229,14.8988804,164,13.55371901,11.73999448,15.59812752,33.00,2.73,1.95,3.81,320.00,26.45,24.04,29.00,1210.00
Medway,E06000035,40,1.203369434,0.884982862,1.634411763,2082,62.63537906,60.977088,64.26449909,483,14.53068592,13.37359673,15.76966237,719,21.63056558,20.26407085,23.06255623,149.00,4.48,3.83,5.24,1202.00,36.16,34.54,37.81,3324.00
Milton Keynes,E06000042,51,1.457142857,1.110039103,1.91068715,2249,64.25714286,62.65460203,65.82842187,489,13.97142857,12.86231345,15.159544,711,20.31428571,19.01424215,21.67942152,141.00,4.03,3.43,4.73,1200.00,34.29,32.73,35.87,3500.00
Oxfordshire,E10000025,97,1.404372376,1.152643312,1.710126149,4823,69.82771102,68.73445059,70.89892859,903,13.07369335,12.29915507,13.88928334,1084,15.69422325,14.85548751,16.57109739,188.00,2.72,2.36,3.13,1987.00,28.77,27.71,29.85,6907.00
Cherwell,E07000177,24,1.420118343,0.956155891,2.10442918,1160,68.63905325,66.38688799,70.80667559,206,12.18934911,10.7147127,13.83548689,300,17.75147929,16.0034748,19.64575646,56.00,3.31,2.56,4.28,506.00,29.94,27.80,32.17,1690.00
Oxford,E07000178,31,2.343159486,1.655586304,3.306683934,885,66.89342404,64.31190375,69.37712496,190,14.36130008,12.57466819,16.35429361,217,16.4021164,14.50457148,18.49420588,41.00,3.10,2.29,4.18,407.00,30.76,28.34,33.30,1323.00
South Oxfordshire,E07000179,18,1.24567474,0.789387475,1.960496481,1074,74.32525952,72.01047937,76.51104766,165,11.41868512,9.880154135,13.16180513,188,13.01038062,11.3734077,14.84350213,17.00,1.18,0.74,1.88,353.00,24.43,22.28,26.71,1445.00
Vale of White Horse,E07000180,12,0.881704629,0.505085787,1.534818455,942,69.21381337,66.71017955,71.60928947,193,14.18074945,12.4280668,16.13506456,214,15.72373255,13.88655244,17.75385943,45.00,3.31,2.48,4.40,407.00,29.90,27.53,32.39,1361.00
West Oxfordshire,E07000181,12,1.102941176,0.632040525,1.91791383,762,70.03676471,67.24812887,72.68440863,149,13.69485294,11.77936397,15.86580891,165,15.16544118,13.15691151,17.4190898,29.00,2.67,1.86,3.80,314.00,28.86,26.25,31.62,1088.00
Portsmouth,E06000044,16,0.743494424,0.458167922,1.204359658,1348,62.6394052,60.57469019,64.65907632,324,15.05576208,13.60715849,16.62889881,464,21.56133829,19.87530158,23.34872377,83.00,3.86,3.12,4.76,788.00,36.62,34.61,38.67,2152.00
Reading,E06000038,34,1.758014478,1.260757839,2.446535061,1243,64.27094105,62.10889272,66.3764097,279,14.42605998,12.93064209,16.06251709,378,19.54498449,17.83876186,21.37195145,87.00,4.50,3.66,5.52,657.00,33.97,31.89,36.11,1934.00
Slough,E06000039,57,2.382943144,1.843822592,3.074760747,1355,56.64715719,54.65212688,58.62087158,354,14.7993311,13.43277604,16.27876669,626,26.17056856,24.44824932,27.96930336,136.00,5.69,4.83,6.69,980.00,40.97,39.02,42.95,2392.00
Southampton,E06000045,38,1.44486692,1.054485926,1.976883276,1642,62.43346008,60.56570188,64.26494986,338,12.85171103,11.62664878,14.18513486,612,23.26996198,21.69473595,24.92315955,151.00,5.74,4.92,6.70,950.00,36.12,34.31,37.98,2630.00
Surrey,E10000030,166,1.477788658,1.270660964,1.718092237,8182,72.83895665,72.00871568,73.65358203,1437,12.79266447,12.18768787,13.42308069,1448,12.89059023,12.28357024,13.52298287,218.00,1.94,1.70,2.21,2885.00,25.68,24.88,26.50,11233.00
Elmbridge,E07000207,16,1.26682502,0.781265408,2.047933034,959,75.93032462,73.49625704,78.20713453,153,12.11401425,10.42846438,14.0293284,135,10.6888361,9.102474528,12.51360513,19.00,1.50,0.97,2.34,288.00,22.80,20.57,25.20,1263.00
Epsom and Ewell,E07000208,26,3.095238095,2.120892957,4.496636703,618,73.57142857,70.48703719,76.44120933,98,11.66666667,9.668180266,14.01416631,98,11.66666667,9.668180266,14.01416631,11.00,1.31,0.73,2.33,196.00,23.33,20.60,26.31,840.00
Guildford,E07000209,9,0.735294118,0.387318498,1.391531586,919,75.08169935,72.58258072,77.42387538,147,12.00980392,10.30649516,13.95082705,149,12.17320261,10.45881124,14.12428592,23.00,1.88,1.26,2.80,296.00,24.18,21.87,26.66,1224.00
Mole Valley,E07000210,15,2.010723861,1.222248672,3.290899864,564,75.60321716,72.39528288,78.54881944,80,10.72386059,8.701293659,13.14885305,87,11.66219839,9.552875268,14.16433278,11.00,1.47,0.83,2.62,167.00,22.39,19.54,25.51,746.00
Reigate and Banstead,E07000211,18,1.181102362,0.74839846,1.859297423,1085,71.19422572,68.86955246,73.4123215,207,13.58267717,11.95388652,15.3945963,214,14.04199475,12.38798604,15.87682222,33.00,2.17,1.55,3.03,421.00,27.62,25.44,29.92,1524.00
Runnymede,E07000212,20,2.649006623,1.721262937,4.056157144,524,69.40397351,66.02560775,72.58588305,104,13.77483444,11.49929876,16.41713311,107,14.17218543,11.86548904,16.84162182,17.00,2.25,1.41,3.58,211.00,27.95,24.86,31.25,755.00
Spelthorne,E07000213,x,x,x,x,x,x,x,x,146,15.12953368,13.0071802,17.52841013,159,16.47668394,14.26989165,18.94931629,23.00,2.38,1.59,3.55,305.00,31.61,28.75,34.61,965.00
Surrey Heath,E07000214,12,1.315789474,0.754265107,2.285721623,649,71.1622807,68.13828732,74.00874548,125,13.70614035,11.62584245,16.09090442,126,13.81578947,11.72760978,16.20751549,20.00,2.19,1.42,3.36,251.00,27.52,24.72,30.51,912.00
Tandridge,E07000215,x,x,x,x,x,x,x,x,96,11.750306,9.719125421,14.13949633,111,13.58629131,11.40650335,16.10690456,19.00,2.33,1.49,3.60,207.00,25.34,22.47,28.43,817.00
Waverley,E07000216,19,1.691896705,1.085777547,2.627385338,890,79.25200356,76.78257436,81.52198968,107,9.528049866,7.946221511,11.38582002,107,9.528049866,7.946221511,11.38582002,13.00,1.16,0.68,1.97,214.00,19.06,16.87,21.46,1123.00
Woking,E07000217,20,1.879699248,1.22006508,2.885549893,715,67.19924812,64.32078553,69.95396536,174,16.35338346,14.25281182,18.69603614,155,14.56766917,12.57536996,16.81489732,29.00,2.73,1.90,3.89,329.00,30.92,28.22,33.76,1064.00
West Berkshire,E06000037,18,1.002785515,0.635246673,1.579593252,1270,70.75208914,68.60513138,72.81041396,236,13.14763231,11.66276215,14.78990029,271,15.09749304,13.51585925,16.8281967,47.00,2.62,1.97,3.46,507.00,28.25,26.21,30.37,1795.00
West Sussex,E10000032,108,1.292948641,1.072095772,1.558580662,5881,70.40584221,69.41775148,71.3751727,1151,13.77948043,13.05693534,14.53532508,1213,14.52172872,13.7824838,15.29359083,204.00,2.44,2.13,2.80,2364.00,28.30,27.35,29.28,8353.00
Adur,E07000223,6,0.907715582,0.416659318,1.966083005,475,71.86081694,68.31402397,75.154986,85,12.85930408,10.52033579,15.62747081,95,14.37216339,11.90348878,17.2525538,18.00,2.72,1.73,4.26,180.00,27.23,23.98,30.75,661.00
Arun,E07000224,18,1.244813278,0.788840589,1.959146688,977,67.56569848,65.10906148,69.92925232,199,13.76210235,12.08223167,15.63400285,252,17.42738589,15.55914399,19.46823474,43.00,2.97,2.22,3.98,451.00,31.19,28.85,33.62,1446.00
Chichester,E07000225,10,1,0.544075445,1.830946887,729,72.9,70.06140644,75.56332803,134,13.4,11.4281076,15.65201112,127,12.7,10.77800093,14.90747526,18.00,1.80,1.14,2.83,261.00,26.10,23.47,28.91,1000.00
Crawley,E07000226,22,1.652892562,1.094050634,2.490004874,896,67.31780616,64.75122458,69.78471203,192,14.42524418,12.64003377,16.41521142,221,16.6040571,14.70161275,18.69871775,39.00,2.93,2.15,3.98,413.00,31.03,28.60,33.57,1331.00
Horsham,E07000227,23,1.801096319,1.20312581,2.688180056,943,73.8449491,71.36557969,76.18128849,177,13.86061081,12.07358646,15.86441136,134,10.49334377,8.929294049,12.2943677,20.00,1.57,1.02,2.41,311.00,24.35,22.08,26.78,1277.00
Mid Sussex,E07000228,20,1.336005344,0.866507538,2.054617712,1097,73.27989312,70.98083365,75.4597811,193,12.89245157,11.28935521,14.68550419,187,12.49164997,10.91221165,14.26309628,31.00,2.07,1.46,2.92,380.00,25.38,23.24,27.65,1497.00
Worthing,E07000229,9,0.78878177,0.415529767,1.492285385,764,66.95880806,64.17668201,69.62712523,171,14.98685364,13.03336926,17.17530777,197,17.26555653,15.18332356,19.5674671,35.00,3.07,2.21,4.24,368.00,32.25,29.60,35.02,1141.00
Windsor and Maidenhead,E06000040,21,1.417004049,0.928659573,2.156559146,1063,71.72739541,69.38078706,73.96165679,174,11.74089069,10.20003188,13.47957786,224,15.11470985,13.38138433,17.02841855,44.00,2.97,2.22,3.96,398.00,26.86,24.66,29.17,1482.00
Wokingham,E06000041,24,1.238390093,0.833598155,1.836107891,1413,72.91021672,70.88768675,74.84210215,229,11.81630547,10.45411553,13.32956962,272,14.03508772,12.55966606,15.65280496,37.00,1.91,1.39,2.62,501.00,25.85,23.95,27.85,1938.00
,,,,,,,,,,,,,,,,,,,,,,,,,,
SOUTH WEST ,E12000009,624,1.1776918,1.089308798,1.273153608,36530,68.94404077,68.54868271,69.33665211,7078,13.35849769,13.07147575,13.65083232,8753,16.51976975,16.20599646,16.83839737,1674.00,3.16,3.01,3.31,15831.00,29.88,29.49,30.27,52985.00
Bath and North East Somerset,E06000022,20,1.209189843,0.784118531,1.860371905,1211,73.21644498,71.03032471,75.29497352,200,12.09189843,10.60786403,13.75160995,223,13.48246675,11.92086344,15.21330288,39.00,2.36,1.73,3.21,423.00,25.57,23.53,27.73,1654.00
Bournemouth,E06000028,9,0.516647532,0.27204815,0.979008108,1192,68.42709529,66.2058685,70.56723004,244,14.00688863,12.45618341,15.71598861,297,17.04936854,15.35633697,18.88740583,63.00,3.62,2.84,4.60,541.00,31.06,28.93,33.27,1742.00
"Bristol, City of",E06000023,64,1.410934744,1.106514232,1.797584072,3044,67.10758377,65.72636826,68.45984759,593,13.07319224,12.12333274,14.08554415,835,18.40828924,17.30735752,19.56268462,193.00,4.25,3.71,4.88,1428.00,31.48,30.15,32.85,4536.00
Cornwall2,E06000052,53,1.039011958,0.795263363,1.356448099,3537,69.33934523,68.05986272,70.58972152,717,14.05606744,13.12928527,15.03694615,794,15.56557538,14.5966627,16.58631275,152.00,2.98,2.55,3.48,1511.00,29.62,28.38,30.89,5101.00
Devon,E10000008,84,1.315171442,1.063597143,1.625273485,4576,71.64552998,70.52741171,72.73762651,824,12.90120557,12.10135704,13.7456534,903,14.138093,13.30516703,15.01413131,137.00,2.14,1.82,2.53,1727.00,27.04,25.96,28.14,6387.00
East Devon,E07000040,13,1.166965889,0.683236639,1.986324289,821,73.6983842,71.03471859,76.19917096,138,12.38779174,10.58148102,14.45261095,142,12.74685817,10.91567636,14.83408059,17.00,1.53,0.95,2.43,280.00,25.13,22.68,27.76,1114.00
Exeter,E07000041,13,1.204819277,0.705440323,2.050407136,774,71.73308619,68.9728425,74.33913048,120,11.12140871,9.381664656,13.13700203,172,15.94068582,13.87788921,18.24513822,24.00,2.22,1.50,3.29,292.00,27.06,24.50,29.79,1079.00
Mid Devon,E07000042,14,1.960784314,1.171530322,3.264192696,523,73.24929972,69.88429805,76.36546865,89,12.46498599,10.24110687,15.09059508,88,12.32492997,10.11338967,14.93969922,13.00,1.82,1.07,3.09,177.00,24.79,21.76,28.09,714.00
North Devon,E07000043,11,1.336573512,0.747933825,2.377388272,573,69.62332928,66.39621814,72.66810267,120,14.58080194,12.33423533,17.15647976,119,14.45929526,12.22157567,17.02725508,17.00,2.07,1.29,3.28,239.00,29.04,26.04,32.23,823.00
South Hams,E07000044,7,1.06870229,0.51862389,2.189380985,500,76.33587786,72.93330036,79.431346,73,11.14503817,8.95801133,13.78516259,75,11.45038168,9.233357627,14.11694262,10.00,1.53,0.83,2.79,148.00,22.60,19.56,25.95,655.00
Teignbridge,E07000045,18,1.612903226,1.022640436,2.535136293,768,68.8172043,66.03872395,71.4665851,162,14.51612903,12.57108297,16.70461996,168,15.05376344,13.0757905,17.27149269,29.00,2.60,1.82,3.71,330.00,29.57,26.97,32.31,1116.00
Torridge,E07000046,x,x,x,x,x,x,x,x,74,14.0952381,11.37888117,17.33321322,88,16.76190476,13.81067743,20.19600941,21.00,4.00,2.63,6.04,162.00,30.86,27.06,34.94,525.00
West Devon,E07000047,x,x,x,x,x,x,x,x,48,13.29639889,10.17746005,17.18825084,51,14.12742382,10.91122598,18.09903485,6.00,1.66,0.76,3.58,99.00,27.42,23.08,32.25,361.00
Dorset,E10000009,36,0.935307872,0.676371493,1.292083728,2707,70.32995583,68.86713994,71.75223193,535,13.89971421,12.84276263,15.02865305,571,14.83502208,13.74717578,15.99299056,85.00,2.21,1.79,2.72,1106.00,28.73,27.33,30.18,3849.00
Christchurch,E07000048,7,1.525054466,0.740657201,3.114109584,318,69.28104575,64.91513726,73.32689932,68,14.81481481,11.85729448,18.35639018,66,14.37908497,11.46449209,17.88496575,8.00,1.74,0.89,3.40,134.00,29.19,25.22,33.51,459.00
East Dorset,E07000049,x,x,x,x,x,x,x,x,97,12.125,10.04224666,14.56975321,101,12.625,10.50067219,15.10654881,12.00,1.50,0.86,2.60,198.00,24.75,21.88,27.86,800.00
North Dorset,E07000050,9,1.404056162,0.740404854,2.646700383,461,71.91887676,68.3172757,75.25932692,78,12.16848674,9.860534612,14.92717974,93,14.50858034,11.99351297,17.44650771,19.00,2.96,1.91,4.58,171.00,26.68,23.40,30.23,641.00
Purbeck,E07000051,6,1.357466063,0.623584182,2.929575469,312,70.58823529,66.17766792,74.64401799,51,11.53846154,8.885819292,14.85388834,73,16.5158371,13.3455365,20.26315015,6.00,1.36,0.62,2.93,124.00,28.05,24.07,32.42,442.00
West Dorset,E07000052,6,0.667408231,0.306227614,1.448394824,621,69.07675195,65.9797438,72.01142249,129,14.34927697,12.20916812,16.79276309,143,15.90656285,13.66154262,18.44170829,20.00,2.22,1.44,3.41,272.00,30.26,27.34,33.34,899.00
Weymouth and Portland,E07000053,x,x,x,x,x,x,x,x,112,18.42105263,15.54125693,21.69738643,95,15.625,12.95570268,18.72594556,20.00,3.29,2.14,5.03,207.00,34.05,30.39,37.90,608.00
Gloucestershire,E10000013,84,1.277760876,1.033309253,1.579120066,4393,66.82385154,65.6761337,67.95191912,873,13.27958625,12.48066476,14.12139718,1224,18.61880134,17.6962643,19.57799161,268.00,4.08,3.62,4.58,2097.00,31.90,30.78,33.04,6574.00
Cheltenham,E07000078,18,1.654411765,1.04902101,2.599994009,747,68.65808824,65.84011321,71.34477262,139,12.77573529,10.92230889,14.89109621,184,16.91176471,14.80165809,19.254702,35.00,3.22,2.32,4.44,323.00,29.69,27.05,32.47,1088.00
Cotswold,E07000079,12,1.461632156,0.838060145,2.537310785,602,73.32521315,70.19648419,76.23668135,89,10.84043849,8.893355899,13.15226958,118,14.3727162,12.13881869,16.9384611,22.00,2.68,1.78,4.02,207.00,25.21,22.36,28.29,821.00
Forest of Dean,E07000080,7,0.86526576,0.419754888,1.775194524,549,67.86155748,64.56555839,70.98873044,106,13.1025958,10.95075114,15.603192,147,18.17058096,15.66589622,20.97611503,32.00,3.96,2.82,5.53,253.00,31.27,28.17,34.55,809.00
Gloucester,E07000081,25,1.56641604,1.063234189,2.302190462,982,61.52882206,59.11692178,63.88535748,212,13.28320802,11.70595702,15.03678405,377,23.62155388,21.60255912,25.76722584,86.00,5.39,4.38,6.61,589.00,36.90,34.57,39.30,1596.00
Stroud,E07000082,10,0.793650794,0.431661864,1.454766109,884,70.15873016,67.57409656,72.62081843,178,14.12698413,12.31269012,16.15935092,188,14.92063492,13.06006844,16.99444956,37.00,2.94,2.14,4.02,366.00,29.05,26.61,31.61,1260.00
Tewkesbury,E07000083,12,1.2,0.687764781,2.085726848,629,62.9,59.86190227,65.83936737,149,14.9,12.82743609,17.24120235,210,21,18.58889194,23.63306005,56.00,5.60,4.34,7.20,359.00,35.90,32.99,38.92,1000.00
North Somerset,E06000024,28,1.323877069,0.917526683,1.906727042,1519,71.82033097,69.86482543,73.696716,264,12.4822695,11.14132371,13.95925456,304,14.37352246,12.94294479,15.93328171,51.00,2.41,1.84,3.16,568.00,26.86,25.01,28.79,2115.00
Plymouth,E06000026,20,0.770712909,0.499475696,1.187485957,1746,67.28323699,65.45367404,69.06170576,339,13.06358382,11.82137374,14.41498849,490,18.88246628,17.42307689,20.43384799,83.00,3.20,2.59,3.95,829.00,31.95,30.18,33.77,2595.00
Poole,E06000029,13,0.873069174,0.510933931,1.488036465,1036,69.57689725,67.19211341,71.86092847,202,13.56615178,11.9203303,15.39948028,238,15.9838818,14.21042143,17.93240633,51.00,3.43,2.61,4.48,440.00,29.55,27.29,31.92,1489.00
Somerset,E10000027,68,1.352157487,1.068056549,1.710522112,3375,67.11075761,65.79966218,68.39573249,684,13.60111354,12.6814171,14.57637495,902,17.93597137,16.90022495,19.02066534,179.00,3.56,3.08,4.11,1586.00,31.54,30.27,32.84,5029.00
Mendip,E07000187,x,x,x,x,x,x,x,x,136,13.08950914,11.17387496,15.2770737,174,16.74687199,14.59981581,19.13891368,x,x,x,x,310.00,29.84,27.13,32.69,1039.00
Sedgemoor,E07000188,16,1.308258381,0.806867195,2.114574574,789,64.51349141,61.79027674,67.14581744,163,13.32788226,11.53740515,15.34801321,255,20.85036795,18.66662189,23.21665937,71.00,5.81,4.63,7.26,418.00,34.18,31.57,36.88,1223.00
South Somerset,E07000189,24,1.556420233,1.048117051,2.305490689,1022,66.27756161,63.88004227,68.59418056,217,14.07263294,12.42613499,15.89769191,279,18.09338521,16.25199237,20.0933557,44.00,2.85,2.13,3.81,496.00,32.17,29.88,34.54,1542.00
Taunton Deane,E07000190,14,1.401401401,0.836595892,2.338528006,694,69.46946947,66.54357831,72.24620213,134,13.41341341,11.43966571,15.6674564,157,15.71571572,13.59068,18.10340844,34.00,3.40,2.45,4.72,291.00,29.13,26.40,32.02,999.00
West Somerset,E07000191,x,x,x,x,x,x,x,x,34,15.04424779,10.96985532,20.28710728,37,16.37168142,12.11719727,21.75026042,x,x,x,x,71.00,31.42,25.72,37.74,226.00
South Gloucestershire,E06000025,48,1.603742065,1.211768197,2.119788049,2094,69.96324758,68.2961974,71.57911854,379,12.66288005,11.5191347,13.90234552,472,15.7701303,14.50840089,17.11961386,79.00,2.64,2.12,3.28,851.00,28.43,26.85,30.08,2993.00
Swindon,E06000030,33,1.260504202,0.898952254,1.764880015,1712,65.3934301,63.54981488,67.19193715,379,14.47669977,13.18088412,15.87661118,494,18.86936593,17.41661395,20.41334161,102.00,3.90,3.22,4.71,873.00,33.35,31.57,35.18,2618.00
Torbay,E06000027,11,0.823970037,0.460709445,1.469426394,854,63.97003745,61.35803987,66.50186823,198,14.83146067,13.02592272,16.83881266,272,20.37453184,18.30034804,22.61872084,54.00,4.04,3.11,5.24,470.00,35.21,32.69,37.81,1335.00
Wiltshire,E06000054,53,1.066827697,0.81657694,1.392694207,3534,71.1352657,69.85927895,72.37859242,647,13.02334944,12.11596506,13.98787332,734,14.77455717,13.81504781,15.78849991,138.00,2.78,2.36,3.27,1381.00,27.80,26.57,29.06,4968.00
